Workbook

Sheet Percentages
B1: Segment | C1: Average | D1: Weighted Avg*
B2: Basement | C2: =AVERAGE(Worksheet!H71,Worksheet!H119,Worksheet!H167,Worksheet!H287,Worksheet!H299,Worksheet!H311,Worksheet!H347,Worksheet!H443,Worksheet!H599,Worksheet!H611,Worksheet!H647,Worksheet!H719,Worksheet!H731,Worksheet!H767,Worksheet!H803,Worksheet!H851,Worksheet!H887,Worksheet!H899,Worksheet!H971,Worksheet!H1043,Worksheet!H1187) -> 0.54764468 | D2: =AVERAGE(Worksheet!H66:H68,Worksheet!H114,Worksheet!H115,Worksheet!H116,Worksheet!H162,Worksheet!H163,Worksheet!H164,Worksheet!H282,Worksheet!H283,Worksheet!H284,Worksheet!H294,Worksheet!H295,Worksheet!H296,Worksheet!H306,Worksheet!H307,Worksheet!H308,Worksheet!H342,Worksheet!H343,Worksheet!H344,Worksheet!H438,Worksheet!H439,Worksheet!H440,Worksheet!H594,Worksheet!H595,Worksheet!H596,Worksheet!H606,Worksheet!H607,Worksheet!H608,Worksheet!H642,Worksheet!H643,Worksheet!H644,Worksheet!H714,Worksheet!H715,Worksheet!H716,Worksheet!H727,Worksheet!H726,Worksheet!H728,Worksheet!H762,Worksheet!H763,Worksheet!H764,Worksheet!H798,Worksheet!H799,Worksheet!H800,Worksheet!H846,Worksheet!H847,Worksheet!H848,Worksheet!H882,Worksheet!H883,Worksheet!H884,Worksheet!H894,Worksheet!H895,Worksheet!H896,Worksheet!H966,Worksheet!H967,Worksheet!H968,Worksheet!H1038,Worksheet!H1039,Worksheet!H1040,Worksheet!H1182,Worksheet!H1183,Worksheet!H1184) -> 0.56631291
B3: Unfinished Basement | C3: =AVERAGE(Worksheet!L311,Worksheet!L491,Worksheet!L707,Worksheet!L887,Worksheet!L899,Worksheet!L935,Worksheet!L1043,Worksheet!L1067,Worksheet!L1187) -> 0.25600627 | D3: =AVERAGE(Worksheet!L306:L308,Worksheet!L486,Worksheet!L487,Worksheet!L488,Worksheet!L702,Worksheet!L703,Worksheet!L704,Worksheet!L882,Worksheet!L883,Worksheet!L884,Worksheet!L894,Worksheet!L895,Worksheet!L896,Worksheet!L930,Worksheet!L931,Worksheet!L932,Worksheet!L1038,Worksheet!L1039,Worksheet!L1040,Worksheet!L1062,Worksheet!L1063,Worksheet!L1064,Worksheet!L1182,Worksheet!L1183,Worksheet!L1184) -> 0.2635513
B4: Lower | C4: =AVERAGE(Worksheet!P11,Worksheet!P95,Worksheet!P191,Worksheet!P203,Worksheet!P251,Worksheet!P263,Worksheet!P275,Worksheet!P503,Worksheet!P527,Worksheet!P875,Worksheet!P923,Worksheet!P983,Worksheet!P995,Worksheet!P1007,Worksheet!P1019,Worksheet!P1031,Worksheet!P1055) -> 0.6033757 | D4: =AVERAGE(Worksheet!P6:P8,Worksheet!P90,Worksheet!P91,Worksheet!P92,Worksheet!P186,Worksheet!P187,Worksheet!P188,Worksheet!P198,Worksheet!P199,Worksheet!P200,Worksheet!P246,Worksheet!P247,Worksheet!P248,Worksheet!P258,Worksheet!P259,Worksheet!P260,Worksheet!P270,Worksheet!P271,Worksheet!P272,Worksheet!P498,Worksheet!P499,Worksheet!P500,Worksheet!P522,Worksheet!P523,Worksheet!P524,Worksheet!P870,Worksheet!P871,Worksheet!P872,Worksheet!P918,Worksheet!P919,Worksheet!P920,Worksheet!P978,Worksheet!P979,Worksheet!P980,Worksheet!P990,Worksheet!P991,Worksheet!P992,Worksheet!P1002,Worksheet!P1003,Worksheet!P1004,Worksheet!P1014,Worksheet!P1015,Worksheet!P1016,Worksheet!P1026,Worksheet!P1027,Worksheet!P1028,Worksheet!P1050,Worksheet!P1051,Worksheet!P1052) -> 0.62551365
B5: Unfinished Lower | C5: =AVERAGE(Worksheet!T1055,Worksheet!T1031,Worksheet!T1019,Worksheet!T1007,Worksheet!T923) -> 0.30030965 | D5: =AVERAGE(Worksheet!T918:T920,Worksheet!T1002,Worksheet!T1003,Worksheet!T1004,Worksheet!T1014,Worksheet!T1015,Worksheet!T1016,Worksheet!T1026,Worksheet!T1027,Worksheet!T1028,Worksheet!T1050,Worksheet!T1051,Worksheet!T1052) -> 0.30495906
B6: 1/2 Story | C6: =AVERAGE(Worksheet!X575,Worksheet!X611,Worksheet!X623,Worksheet!X659,Worksheet!X671,Worksheet!X695,Worksheet!X707,Worksheet!X815,Worksheet!X827,Worksheet!X839,Worksheet!X851,Worksheet!X863,Worksheet!X935) -> 0.67280247 | D6: =AVERAGE(Worksheet!X570:X572,Worksheet!X606,Worksheet!X607,Worksheet!X608,Worksheet!X618,Worksheet!X619,Worksheet!X620,Worksheet!X654,Worksheet!X655,Worksheet!X656,Worksheet!X666,Worksheet!X667,Worksheet!X668,Worksheet!X690,Worksheet!X691,Worksheet!X692,Worksheet!X702,Worksheet!X703,Worksheet!X704,Worksheet!X810,Worksheet!X811,Worksheet!X812,Worksheet!X822,Worksheet!X823,Worksheet!X824,Worksheet!X834,Worksheet!X835,Worksheet!X836,Worksheet!X846,Worksheet!X847,Worksheet!X848,Worksheet!X858,Worksheet!X859,Worksheet!X860,Worksheet!X930,Worksheet!X931,Worksheet!X932) -> 0.68444942
B7: 2 Story | C7: =AVERAGE(Worksheet!AB71,Worksheet!AB107,Worksheet!AB143,Worksheet!AB179,Worksheet!AB191,Worksheet!AB227,Worksheet!AB239,Worksheet!AB263,Worksheet!AB275,Worksheet!AB287,Worksheet!AB299,Worksheet!AB323,Worksheet!AB359,Worksheet!AB395,Worksheet!AB467,Worksheet!AB479,Worksheet!AB515,Worksheet!AB527,Worksheet!AB623,Worksheet!AB803,Worksheet!AB875,Worksheet!AB947,Worksheet!AB959,Worksheet!AB983,Worksheet!AB1019,Worksheet!AB1127,Worksheet!AB1163,Worksheet!AB1175) -> 0.83018775 | D7: =AVERAGE(Worksheet!AB66:AB68,Worksheet!AB102,Worksheet!AB103,Worksheet!AB104,Worksheet!AB138,Worksheet!AB140,Worksheet!AB139,Worksheet!AB174,Worksheet!AB175,Worksheet!AB176,Worksheet!AB186,Worksheet!AB187,Worksheet!AB188,Worksheet!AB222,Worksheet!AB223,Worksheet!AB224,Worksheet!AB234,Worksheet!AB235,Worksheet!AB236,Worksheet!AB258,Worksheet!AB259,Worksheet!AB260,Worksheet!AB270,Worksheet!AB271,Worksheet!AB272,Worksheet!AB282,Worksheet!AB283,Worksheet!AB284,Worksheet!AB294,Worksheet!AB295,Worksheet!AB296,Worksheet!AB318,Worksheet!AB319,Worksheet!AB320,Worksheet!AB354,Worksheet!AB355,Worksheet!AB356,Worksheet!AB390,Worksheet!AB391,Worksheet!AB392,Worksheet!AB462,Worksheet!AB463,Worksheet!AB464,Worksheet!AB474,Worksheet!AB475,Worksheet!AB476,Worksheet!AB510,Worksheet!AB511,Worksheet!AB512,Worksheet!AB522,Worksheet!AB523,Worksheet!AB524,Worksheet!AB618,Worksheet!AB619,Worksheet!AB620,Worksheet!AB798,Worksheet!AB799,Worksheet!AB800,Worksheet!AB870,Worksheet!AB871,Worksheet!AB872,Worksheet!AB942,Worksheet!AB943,Worksheet!AB944,Worksheet!AB954,Worksheet!AB955,Worksheet!AB956,Worksheet!AB978,Worksheet!AB979,Worksheet!AB980,Worksheet!AB1014,Worksheet!AB1015,Worksheet!AB1016,Worksheet!AB1122,Worksheet!AB1123,Worksheet!AB1124,Worksheet!AB1158,Worksheet!AB1159,Worksheet!AB1160,Worksheet!AB1170,Worksheet!AB1171,Worksheet!AB1172) -> 0.84076687 | E7: - includes 2 stories and uppers over garages.
B8: Attached Garage | C8: =AVERAGE(Worksheet!AF11,Worksheet!AF23,Worksheet!AF35,Worksheet!AF47,Worksheet!AF59,Worksheet!AF71,Worksheet!AF107,Worksheet!AF119,Worksheet!AF131,Worksheet!AF143,Worksheet!AF155,Worksheet!AF167,Worksheet!AF179,Worksheet!AF191,Worksheet!AF203,Worksheet!AF215,Worksheet!AF227,Worksheet!AF239,Worksheet!AF251,Worksheet!AF263,Worksheet!AF275,Worksheet!AF323,Worksheet!AF335,Worksheet!AF347,Worksheet!AF359,Worksheet!AF371,Worksheet!AF383,Worksheet!AF395,Worksheet!AF407,Worksheet!AF455,Worksheet!AF467,Worksheet!AF479,Worksheet!AF503,Worksheet!AF515,Worksheet!AF527,Worksheet!AF587,Worksheet!AF683,Worksheet!AF719,Worksheet!AF767,Worksheet!AF779,Worksheet!AF791,Worksheet!AF803,Worksheet!AF875,Worksheet!AF899,Worksheet!AF947,Worksheet!AF959,Worksheet!AF971,Worksheet!AF983,Worksheet!AF995,Worksheet!AF1007,Worksheet!AF1019,Worksheet!AF1031,Worksheet!AF1043,Worksheet!AF1055,Worksheet!AF1103,Worksheet!AF1139,Worksheet!AF1151,Worksheet!AF1163,Worksheet!AF1175,Worksheet!AF1187) -> 0.30653794 | D8: =AVERAGE(Worksheet!AF6:AF8,Worksheet!AF18,Worksheet!AF19,Worksheet!AF20,Worksheet!AF30,Worksheet!AF31,Worksheet!AF32,Worksheet!AF42,Worksheet!AF43,Worksheet!AF44,Worksheet!AF54,Worksheet!AF55,Worksheet!AF56,Worksheet!AF66,Worksheet!AF67,Worksheet!AF68,Worksheet!AF102,Worksheet!AF103,Worksheet!AF104,Worksheet!AF114,Worksheet!AF115,Worksheet!AF116,Worksheet!AF126,Worksheet!AF127,Worksheet!AF128,Worksheet!AF138,Worksheet!AF139,Worksheet!AF140,Worksheet!AF150,Worksheet!AF151,Worksheet!AF152,Worksheet!AF162,Worksheet!AF163,Worksheet!AF164,Worksheet!AF174,Worksheet!AF175,Worksheet!AF176,Worksheet!AF186,Worksheet!AF187,Worksheet!AF188,Worksheet!AF198,Worksheet!AF199,Worksheet!AF200,Worksheet!AF210,Worksheet!AF211,Worksheet!AF212,Worksheet!AF222,Worksheet!AF223,Worksheet!AF224,Worksheet!AF234,Worksheet!AF235,Worksheet!AF236,Worksheet!AF246,Worksheet!AF247,Worksheet!AF248,Worksheet!AF258,Worksheet!AF259,Worksheet!AF260,Worksheet!AF270,Worksheet!AF271,Worksheet!AF272,Worksheet!AF318,Worksheet!AF319,Worksheet!AF320,Worksheet!AF330,Worksheet!AF331,Worksheet!AF332,Worksheet!AF342,Worksheet!AF343,Worksheet!AF344,Worksheet!AF354,Worksheet!AF355,Worksheet!AF356,Worksheet!AF366,Worksheet!AF367,Worksheet!AF368,Worksheet!AF378,Worksheet!AF379,Worksheet!AF380,Worksheet!AF390,Worksheet!AF391,Worksheet!AF392,Worksheet!AF402,Worksheet!AF403,Worksheet!AF404,Worksheet!AF450,Worksheet!AF451,Worksheet!AF452,Worksheet!AF462,Worksheet!AF463,Worksheet!AF464,Worksheet!AF474,Worksheet!AF475,Worksheet!AF476,Worksheet!AF498,Worksheet!AF499,Worksheet!AF500,Worksheet!AF510,Worksheet!AF511,Worksheet!AF512,Worksheet!AF522,Worksheet!AF523,Worksheet!AF524,Worksheet!AF582,Worksheet!AF583,Worksheet!AF584,Worksheet!AF678,Worksheet!AF679,Worksheet!AF680,Worksheet!AF714,Worksheet!AF715,Worksheet!AF716,Worksheet!AF762,Worksheet!AF763,Worksheet!AF764,Worksheet!AF774,Worksheet!AF775,Worksheet!AF776,Worksheet!AF786,Worksheet!AF787,Worksheet!AF788,Worksheet!AF798,Worksheet!AF799,Worksheet!AF800) -> 0.32595932
B9: Porch | C9: =AVERAGE(Worksheet!AJ167,Worksheet!AJ515,Worksheet!AJ1187) -> 0.049030823 | D9: =AVERAGE(Worksheet!AJ162:AJ164,Worksheet!AJ510,Worksheet!AJ511,Worksheet!AJ512,Worksheet!AJ1182,Worksheet!AJ1183,Worksheet!AJ1184) -> 0.046019054
B10: Covered Porch | C10: =AVERAGE(Worksheet!AN23,Worksheet!AN47,Worksheet!AN107,Worksheet!AN119,Worksheet!AN131,Worksheet!AN143,Worksheet!AN155,Worksheet!AN167,Worksheet!AN215,Worksheet!AN227,Worksheet!AN239,Worksheet!AN251,Worksheet!AN287,Worksheet!AN299,Worksheet!AN323,Worksheet!AN335,Worksheet!AN347,Worksheet!AN371,Worksheet!AN383,Worksheet!AN395,Worksheet!AN407,Worksheet!AN419,Worksheet!AN431,Worksheet!AN455,Worksheet!AN467,Worksheet!AN479,Worksheet!AN491,Worksheet!AN551,Worksheet!AN563,Worksheet!AN587,Worksheet!AN611,Worksheet!AN647,Worksheet!AN659,Worksheet!AN719,Worksheet!AN731,Worksheet!AN743,Worksheet!AN767,Worksheet!AN779,Worksheet!AN803+Worksheet!AN839,Worksheet!AN887,Worksheet!AN911,Worksheet!AN947,Worksheet!AN959,Worksheet!AN971,Worksheet!AN1079,Worksheet!AN1091,Worksheet!AN1103,Worksheet!AN1115,Worksheet!AN1151) -> 0.19086124 | D10: =AVERAGE(Worksheet!AN18:AN20,Worksheet!AN42,Worksheet!AN43,Worksheet!AN44,Worksheet!AN102,Worksheet!AN103,Worksheet!AN104,Worksheet!AN114,Worksheet!AN115,Worksheet!AN116,Worksheet!AN126,Worksheet!AN127,Worksheet!AN128,Worksheet!AN138,Worksheet!AN139,Worksheet!AN140,Worksheet!AN150,Worksheet!AN151,Worksheet!AN152,Worksheet!AN162,Worksheet!AN163,Worksheet!AN164,Worksheet!AN210,Worksheet!AN211,Worksheet!AN212,Worksheet!AN222,Worksheet!AN223,Worksheet!AN224,Worksheet!AN234,Worksheet!AN235,Worksheet!AN236,Worksheet!AN246,Worksheet!AN247,Worksheet!AN249,Worksheet!AN282,Worksheet!AN283,Worksheet!AN284,Worksheet!AN294,Worksheet!AN295,Worksheet!AN296,Worksheet!AN318,Worksheet!AN319,Worksheet!AN320,Worksheet!AN330,Worksheet!AN331,Worksheet!AN332,Worksheet!AN342,Worksheet!AN343,Worksheet!AN344,Worksheet!AN366,Worksheet!AN367,Worksheet!AN368,Worksheet!AN378,Worksheet!AN379,Worksheet!AN380,Worksheet!AN390,Worksheet!AN391,Worksheet!AN392,Worksheet!AN402,Worksheet!AN403,Worksheet!AN404,Worksheet!AN414,Worksheet!AN415,Worksheet!AN416,Worksheet!AN426,Worksheet!AN427,Worksheet!AN428,Worksheet!AN450,Worksheet!AN451,Worksheet!AN452,Worksheet!AN462,Worksheet!AN463,Worksheet!AN464,Worksheet!AN474,Worksheet!AN475,Worksheet!AN476,Worksheet!AN486,Worksheet!AN487,Worksheet!AN488,Worksheet!AN546,Worksheet!AN547,Worksheet!AN548,Worksheet!AN558,Worksheet!AN559,Worksheet!AN560,Worksheet!AN582,Worksheet!AN583,Worksheet!AN584,Worksheet!AN606,Worksheet!AN607,Worksheet!AN608,Worksheet!AN642,Worksheet!AN643,Worksheet!AN644,Worksheet!AN655,Worksheet!AN654,Worksheet!AN656,Worksheet!AN714,Worksheet!AN715,Worksheet!AN716,Worksheet!AN726,Worksheet!AN727,Worksheet!AN728,Worksheet!AN738,Worksheet!AN739,Worksheet!AN740,Worksheet!AN762,Worksheet!AN763,Worksheet!AN764,Worksheet!AN774,Worksheet!AN775,Worksheet!AN776,Worksheet!AN798,Worksheet!AN799,Worksheet!AN800,Worksheet!AN834,Worksheet!AN835,Worksheet!AN836,Worksheet!AN882,Worksheet!AN883,Worksheet!AN884) -> 0.19566242 | E10: - includes RFX/Conc, Cnpy/Conc, & Port/Conc
B11: Deck | C11: =AVERAGE(Worksheet!AR59,Worksheet!AR71,Worksheet!AR95,Worksheet!AR119,Worksheet!AR191,Worksheet!AR203,Worksheet!AR227,Worksheet!AR263,Worksheet!AR275,Worksheet!AR299,Worksheet!AR503,Worksheet!AR515,Worksheet!AR527,Worksheet!AR599,Worksheet!AR707,Worksheet!AR743,Worksheet!AR791,Worksheet!AR923,Worksheet!AR971,Worksheet!AR1007,Worksheet!AR1019,Worksheet!AR1031,Worksheet!AR1055,Worksheet!AR1067,Worksheet!AR1127,Worksheet!AR1187) -> 0.16260722 | D11: =AVERAGE(Worksheet!AR54:AR56,Worksheet!AR66,Worksheet!AR67,Worksheet!AR68,Worksheet!AR90,Worksheet!AR91,Worksheet!AR92,Worksheet!AR114,Worksheet!AR115,Worksheet!AR116,Worksheet!AR186,Worksheet!AR187,Worksheet!AR188,Worksheet!AR198,Worksheet!AR199,Worksheet!AR200,Worksheet!AR222,Worksheet!AR223,Worksheet!AR224,Worksheet!AR258,Worksheet!AR259,Worksheet!AR260,Worksheet!AR270,Worksheet!AR271,Worksheet!AR272,Worksheet!AR294,Worksheet!AR295,Worksheet!AR296,Worksheet!AR498,Worksheet!AR499,Worksheet!AR500,Worksheet!AR510,Worksheet!AR511,Worksheet!AR512,Worksheet!AR522,Worksheet!AR523,Worksheet!AR524,Worksheet!AR594,Worksheet!AR595,Worksheet!AR596,Worksheet!AR702,Worksheet!AR704,Worksheet!AR703,Worksheet!AR738,Worksheet!AR739,Worksheet!AR740,Worksheet!AR786,Worksheet!AR787,Worksheet!AR788,Worksheet!AR918,Worksheet!AR919,Worksheet!AR920,Worksheet!AR966,Worksheet!AR967,Worksheet!AR968,Worksheet!AR1002,Worksheet!AR1003,Worksheet!AR1004,Worksheet!AR1014,Worksheet!AR1015,Worksheet!AR1016,Worksheet!AR1026,Worksheet!AR1027,Worksheet!AR1028,Worksheet!AR1050,Worksheet!AR1051,Worksheet!AR1052,Worksheet!AR1062,Worksheet!AR1063,Worksheet!AR1064,Worksheet!AR1122,Worksheet!AR1123,Worksheet!AR1124,Worksheet!AR1182,Worksheet!AR1183,Worksheet!AR1184) -> 0.16450197
B12: Covered Deck | C12: =AVERAGE(Worksheet!AV11,Worksheet!AV59,Worksheet!AV71,Worksheet!AV83,Worksheet!AV167,Worksheet!AV179,Worksheet!AV191,Worksheet!AV287,Worksheet!AV299,Worksheet!AV671,Worksheet!AV695,Worksheet!AV875,Worksheet!AV1067) -> 0.28756217 | D12: =AVERAGE(Worksheet!AV6:AV8,Worksheet!AV54,Worksheet!AV55,Worksheet!AV56,Worksheet!AV66,Worksheet!AV68,Worksheet!AV67,Worksheet!AV78,Worksheet!AV79,Worksheet!AV80,Worksheet!AV162,Worksheet!AV163,Worksheet!AV164,Worksheet!AV174,Worksheet!AV175,Worksheet!AV176,Worksheet!AV186,Worksheet!AV187,Worksheet!AV188,Worksheet!AV282,Worksheet!AV283,Worksheet!AV284,Worksheet!AV294,Worksheet!AV295,Worksheet!AV296,Worksheet!AV666,Worksheet!AV667,Worksheet!AV668,Worksheet!AV691,Worksheet!AV690,Worksheet!AV692,Worksheet!AV870:AV871,Worksheet!AV871,Worksheet!AV872,Worksheet!AV1062,Worksheet!AV1063,Worksheet!AV1064) -> 0.3009737
B13: Carport | C13: =AVERAGE(Worksheet!AZ311,Worksheet!AZ515,Worksheet!AZ539,Worksheet!AZ551,Worksheet!AZ563,Worksheet!AZ731,Worksheet!AZ743,Worksheet!AZ755,Worksheet!AZ779,Worksheet!AZ1127) -> 0.16411388 | D13: =AVERAGE(Worksheet!AZ306:AZ308,Worksheet!AZ510,Worksheet!AZ511,Worksheet!AZ512,Worksheet!AZ534,Worksheet!AZ535,Worksheet!AZ536,Worksheet!AZ546,Worksheet!AZ547,Worksheet!AZ548,Worksheet!AZ558,Worksheet!AZ559,Worksheet!AZ560,Worksheet!AZ726,Worksheet!AZ727,Worksheet!AZ728,Worksheet!AZ738,Worksheet!AZ739,Worksheet!AZ740,Worksheet!AZ750,Worksheet!AZ751,Worksheet!AZ752,Worksheet!AZ774,Worksheet!AZ775,Worksheet!AZ776,Worksheet!AZ1122,Worksheet!AZ1123,Worksheet!AZ1124) -> 0.17057072
B14: EFP/Sunroom | C14: =AVERAGE(Worksheet!BD491,Worksheet!BD635,Worksheet!BD647,Worksheet!BD659,Worksheet!BD671,Worksheet!BD695,Worksheet!BD887,Worksheet!BD899,Worksheet!BD911,Worksheet!BD1067) -> 0.56586092 | D14: =AVERAGE(Worksheet!BD78:BD80,Worksheet!BD486,Worksheet!BD487,Worksheet!BD488,Worksheet!BD630,Worksheet!BD631,Worksheet!BD632,Worksheet!BD642,Worksheet!BD643,Worksheet!BD644,Worksheet!BD654,Worksheet!BD655,Worksheet!BD656,Worksheet!BD666,Worksheet!BD667,Worksheet!BD668,Worksheet!BD690,Worksheet!BD691,Worksheet!BD692,Worksheet!BD882,Worksheet!BD883,Worksheet!BD884,Worksheet!BD894,Worksheet!BD895,Worksheet!BD896,Worksheet!BD906,Worksheet!BD907,Worksheet!BD908,Worksheet!BD1062,Worksheet!BD1063,Worksheet!BD1064) -> 0.59403758
B15: Balcony | C15: =AVERAGE(Worksheet!BD1175,Worksheet!BD1163) -> 0.29770386 | D15: =AVERAGE(Worksheet!BD1170,Worksheet!BD1171,Worksheet!BD1172,Worksheet!BD1158,Worksheet!BD1159,Worksheet!BD1160) -> 0.31572663
B17: *Weighted Average excludes Chp, Low, VGd, and Exc
B20: Formula for calculation:
B21: [(MA $/sq ft) X (Segment %)] X (Segment sq ft)

Sheet Worksheet
B1: Parcel ID: 110892040006008 | E1: Main area sq ft: | F1: 1424 | H1: HT: Tri-Level | J1: Year Built: | K1: 1976
E2: Basement | I2: Unfinished Basement | M2: Lower | Q2: Unfinished Lower | U2: 1/2 Story | Y2: 2nd Story | AC2: Attached Garage | AG2: Porch | AK2: Covered Porch | AO2: Deck | AS2: Covered Deck | AW2: Carport | BA2: EFP/Sunroom
A3: Grade | B3: Main Area $ | C3: MA $/Sq Ft | D3: Basic Allowance | E3: BsmtVal | F3: Bsmt SqFt | G3: BsmtVal/Sq Ft | H3: Bsmt % Base | I3: UnfBsmtVal | J3: UnfBsmt Sq Ft | K3: UnfBsmtVal/SqFt | L3: UnfBsmt % Base | M3: Lower Value | N3: Lower Sq Ft | O3: LowerVal/SqFt | P3: Lower % Base | Q3: Unf Lower Value | R3: UnfLower Sq Ft | S3: UnfLowVal/SqFt2 | T3: Unf Lower % Base | U3: 1/2 Story Value | V3: 1/2 Story Sq Ft | W3: 1/2 StoryVal/SqFt | X3: 1/2 Story % Base | Y3: 2nd Story Value | Z3: 2nd Sty Sq Ft | AA3: 2ndStyVal/Sqft | AB3: 2nd Story % Base | AC3: Att Gar Value | AD3: Att Gar Sq Ft | AE3: AttGarVal/SqFt | AF3: Att Gar % Base | AG3: Porch Value | AH3: Porch Sq Ft | AI3: PorchVal/SqFt | AJ3: Porch % Base | AK3: Cov Porch Value | AL3: Cov Porch Sq Ft | AM3: CovPrVal/SqFt | AN3: Cov Porch % Base | AO3: Deck Value | AP3: Deck Sq Ft | AQ3: DeckVal/SqFt | AR3: Deck % Base | AS3: Cov Deck Value | AT3: CovDeck Sq Ft | AU3: CovDeckVal/SqFt | AV3: CovDeck % Base | AW3: CarP Value | AX3: CarP Sq Ft | AY3: CarPVal/SqFt | AZ3: CarP % Base | BA3: EFP Value | BB3: EFP Sq Ft | BC3: EFPVal/SqFt | BD3: EFP % Base
A4: Chp | B4: 70380 | C4: =B4/F1 -> 49.424157 | D4: 1525 | E4: 0 | F4: 0 | G4: =E4/F4 -> #DIV/0! | H4: =G4/C4 -> #DIV/0! | I4: 0 | J4: 0 | K4: =I4/J4 -> #DIV/0! | L4: =K4/C4 -> #DIV/0! | M4: 21270 | N4: 672 | O4: =M4/N4 -> 31.651786 | P4: =O4/C4 -> 0.64041124 | Q4: 0 | R4: 0 | S4: =Q4/R4 -> #DIV/0! | T4: =S4/C4 -> #DIV/0! | U4: 0 | V4: 0 | W4: =U4/V4 -> #DIV/0! | X4: =W4/C4 -> #DIV/0! | Y4: 0 | Z4: 0 | AA4: =Y4/Z4 -> #DIV/0! | AB4: =AA4/C4 -> #DIV/0! | AC4: 7860 | AD4: 528 | AE4: =AC4/AD4 -> 14.886364 | AF4: =AE4/C4 -> 0.3011961 | AG4: 0 | AH4: 0 | AI4: =AG4/AH4 -> #DIV/0! | AJ4: =AI4/C4 -> #DIV/0! | AK4: 0 | AL4: 0 | AM4: =AK4/AL4 -> #DIV/0! | AN4: =AM4/C4 -> #DIV/0! | AO4: 0 | AP4: 0 | AQ4: =AO4/AP4 -> #DIV/0! | AR4: =AQ4/C4 -> #DIV/0! | AS4: 1860 | AT4: 120 | AU4: =AS4/AT4 -> 15.5 | AV4: =AU4/C4 -> 0.31361182 | AW4: 0 | AX4: 0 | AY4: =AW4/AX4 -> #DIV/0! | AZ4: =AY4/C4 -> #DIV/0! | BA4: 0 | BB4: 0 | BC4: =BA4/BB4 -> #DIV/0! | BD4: =BC4/C4 -> #DIV/0!
A5: Low | B5: 82800 | C5: =B5/F1 -> 58.146067 | D5: 1525 | E5: 0 | F5: 0 | G5: =E5/F5 -> #DIV/0! | H5: =G5/C5 -> #DIV/0! | I5: 0 | J5: 0 | K5: =I5/J5 -> #DIV/0! | L5: =K5/C5 -> #DIV/0! | M5: 26510 | N5: 672 | O5: =M5/N5 -> 39.449405 | P5: =O5/C5 -> 0.67845353 | Q5: 0 | R5: 0 | S5: =Q5/R5 -> #DIV/0! | T5: =S5/C5 -> #DIV/0! | U5: 0 | V5: 0 | W5: =U5/V5 -> #DIV/0! | X5: =W5/C5 -> #DIV/0! | Y5: 0 | Z5: 0 | AA5: =Y5/Z5 -> #DIV/0! | AB5: =AA5/C5 -> #DIV/0! | AC5: 10750 | AD5: 528 | AE5: =AC5/AD5 -> 20.359848 | AF5: =AE5/C5 -> 0.35015005 | AG5: 0 | AH5: 0 | AI5: =AG5/AH5 -> #DIV/0! | AJ5: =AI5/C5 -> #DIV/0! | AK5: 0 | AL5: 0 | AM5: =AK5/AL5 -> #DIV/0! | AN5: =AM5/C5 -> #DIV/0! | AO5: 0 | AP5: 0 | AQ5: =AO5/AP5 -> #DIV/0! | AR5: =AQ5/C5 -> #DIV/0! | AS5: 2640 | AT5: 120 | AU5: =AS5/AT5 -> 22 | AV5: =AU5/C5 -> 0.37835749 | AW5: 0 | AX5: 0 | AY5: =AW5/AX5 -> #DIV/0! | AZ5: =AY5/C5 -> #DIV/0! | BA5: 0 | BB5: 0 | BC5: =BA5/BB5 -> #DIV/0! | BD5: =BC5/C5 -> #DIV/0!
A6: Fair | B6: 96770 | C6: =B6/F1 -> 67.956461 | D6: 2100 | E6: 0 | F6: 0 | G6: =E6/F6 -> #DIV/0! | H6: =G6/C6 -> #DIV/0! | I6: 0 | J6: 0 | K6: =I6/J6 -> #DIV/0! | L6: =K6/C6 -> #DIV/0! | M6: 30290 | N6: 672 | O6: =M6/N6 -> 45.074405 | P6: =O6/C6 -> 0.66328358 | Q6: 0 | R6: 0 | S6: =Q6/R6 -> #DIV/0! | T6: =S6/C6 -> #DIV/0! | U6: 0 | V6: 0 | W6: =U6/V6 -> #DIV/0! | X6: =W6/C6 -> #DIV/0! | Y6: 0 | Z6: 0 | AA6: =Y6/Z6 -> #DIV/0! | AB6: =AA6/C6 -> #DIV/0! | AC6: 13350 | AD6: 528 | AE6: =AC6/AD6 -> 25.284091 | AF6: =AE6/C6 -> 0.37206309 | AG6: 0 | AH6: 0 | AI6: =AG6/AH6 -> #DIV/0! | AJ6: =AI6/C6 -> #DIV/0! | AK6: 0 | AL6: 0 | AM6: =AK6/AL6 -> #DIV/0! | AN6: =AM6/C6 -> #DIV/0! | AO6: 0 | AP6: 0 | AQ6: =AO6/AP6 -> #DIV/0! | AR6: =AQ6/C6 -> #DIV/0! | AS6: 2930 | AT6: 120 | AU6: =AS6/AT6 -> 24.416667 | AV6: =AU6/C6 -> 0.35929868 | AW6: 0 | AX6: 0 | AY6: =AW6/AX6 -> #DIV/0! | AZ6: =AY6/C6 -> #DIV/0! | BA6: 0 | BB6: 0 | BC6: =BA6/BB6 -> #DIV/0! | BD6: =BC6/C6 -> #DIV/0!
A7: Avg | B7: 117080 | C7: =B7/F1 -> 82.219101 | D7: 2700 | E7: 0 | F7: 0 | G7: =E7/F7 -> #DIV/0! | H7: =G7/C7 -> #DIV/0! | I7: 0 | J7: 0 | K7: =I7/J7 -> #DIV/0! | L7: =K7/C7 -> #DIV/0! | M7: 34770 | N7: 672 | O7: =M7/N7 -> 51.741071 | P7: =O7/C7 -> 0.62930719 | Q7: 0 | R7: 0 | S7: =Q7/R7 -> #DIV/0! | T7: =S7/C7 -> #DIV/0! | U7: 0 | V7: 0 | W7: =U7/V7 -> #DIV/0! | X7: =W7/C7 -> #DIV/0! | Y7: 0 | Z7: 0 | AA7: =Y7/Z7 -> #DIV/0! | AB7: =AA7/C7 -> #DIV/0! | AC7: 14170 | AD7: 528 | AE7: =AC7/AD7 -> 26.837121 | AF7: =AE7/C7 -> 0.32640981 | AG7: 0 | AH7: 0 | AI7: =AG7/AH7 -> #DIV/0! | AJ7: =AI7/C7 -> #DIV/0! | AK7: 0 | AL7: 0 | AM7: =AK7/AL7 -> #DIV/0! | AN7: =AM7/C7 -> #DIV/0! | AO7: 0 | AP7: 0 | AQ7: =AO7/AP7 -> #DIV/0! | AR7: =AQ7/C7 -> #DIV/0! | AS7: 3470 | AT7: 120 | AU7: =AS7/AT7 -> 28.916667 | AV7: =AU7/C7 -> 0.35170254 | AW7: 0 | AX7: 0 | AY7: =AW7/AX7 -> #DIV/0! | AZ7: =AY7/C7 -> #DIV/0! | BA7: 0 | BB7: 0 | BC7: =BA7/BB7 -> #DIV/0! | BD7: =BC7/C7 -> #DIV/0!
A8: Good | B8: 145500 | C8: =B8/F1 -> 102.17697 | D8: 5250 | E8: 0 | F8: 0 | G8: =E8/F8 -> #DIV/0! | H8: =G8/C8 -> #DIV/0! | I8: 0 | J8: 0 | K8: =I8/J8 -> #DIV/0! | L8: =K8/C8 -> #DIV/0! | M8: 47650 | N8: 672 | O8: =M8/N8 -> 70.907738 | P8: =O8/C8 -> 0.69396989 | Q8: 0 | R8: 0 | S8: =Q8/R8 -> #DIV/0! | T8: =S8/C8 -> #DIV/0! | U8: 0 | V8: 0 | W8: =U8/V8 -> #DIV/0! | X8: =W8/C8 -> #DIV/0! | Y8: 0 | Z8: 0 | AA8: =Y8/Z8 -> #DIV/0! | AB8: =AA8/C8 -> #DIV/0! | AC8: 16150 | AD8: 528 | AE8: =AC8/AD8 -> 30.587121 | AF8: =AE8/C8 -> 0.29935437 | AG8: 0 | AH8: 0 | AI8: =AG8/AH8 -> #DIV/0! | AJ8: =AI8/C8 -> #DIV/0! | AK8: 0 | AL8: 0 | AM8: =AK8/AL8 -> #DIV/0! | AN8: =AM8/C8 -> #DIV/0! | AO8: 0 | AP8: 0 | AQ8: =AO8/AP8 -> #DIV/0! | AR8: =AQ8/C8 -> #DIV/0! | AS8: 4110 | AT8: 120 | AU8: =AS8/AT8 -> 34.25 | AV8: =AU8/C8 -> 0.33520275 | AW8: 0 | AX8: 0 | AY8: =AW8/AX8 -> #DIV/0! | AZ8: =AY8/C8 -> #DIV/0! | BA8: 0 | BB8: 0 | BC8: =BA8/BB8 -> #DIV/0! | BD8: =BC8/C8 -> #DIV/0!
A9: VGood | B9: 192270 | C9: =B9/F1 -> 135.02107 | D9: 7050 | E9: 0 | F9: 0 | G9: =E9/F9 -> #DIV/0! | H9: =G9/C9 -> #DIV/0! | I9: 0 | J9: 0 | K9: =I9/J9 -> #DIV/0! | L9: =K9/C9 -> #DIV/0! | M9: 52700 | N9: 672 | O9: =M9/N9 -> 78.422619 | P9: =O9/C9 -> 0.58081765 | Q9: 0 | R9: 0 | S9: =Q9/R9 -> #DIV/0! | T9: =S9/C9 -> #DIV/0! | U9: 0 | V9: 0 | W9: =U9/V9 -> #DIV/0! | X9: =W9/C9 -> #DIV/0! | Y9: 0 | Z9: 0 | AA9: =Y9/Z9 -> #DIV/0! | AB9: =AA9/C9 -> #DIV/0! | AC9: 18200 | AD9: 528 | AE9: =AC9/AD9 -> 34.469697 | AF9: =AE9/C9 -> 0.25529125 | AG9: 0 | AH9: 0 | AI9: =AG9/AH9 -> #DIV/0! | AJ9: =AI9/C9 -> #DIV/0! | AK9: 0 | AL9: 0 | AM9: =AK9/AL9 -> #DIV/0! | AN9: =AM9/C9 -> #DIV/0! | AO9: 0 | AP9: 0 | AQ9: =AO9/AP9 -> #DIV/0! | AR9: =AQ9/C9 -> #DIV/0! | AS9: 4780 | AT9: 120 | AU9: =AS9/AT9 -> 39.833333 | AV9: =AU9/C9 -> 0.29501569 | AW9: 0 | AX9: 0 | AY9: =AW9/AX9 -> #DIV/0! | AZ9: =AY9/C9 -> #DIV/0! | BA9: 0 | BB9: 0 | BC9: =BA9/BB9 -> #DIV/0! | BD9: =BC9/C9 -> #DIV/0!
A10: Excellent | B10: 232940 | C10: =B10/F1 -> 163.58146 | D10: 10950 | E10: 0 | F10: 0 | G10: =E10/F10 -> #DIV/0! | H10: =G10/C10 -> #DIV/0! | I10: 0 | J10: 0 | K10: =I10/J10 -> #DIV/0! | L10: =K10/C10 -> #DIV/0! | M10: 63320 | N10: 672 | O10: =M10/N10 -> 94.22619 | P10: =O10/C10 -> 0.57601998 | Q10: 0 | R10: 0 | S10: =Q10/R10 -> #DIV/0! | T10: =S10/C10 -> #DIV/0! | U10: 0 | V10: 0 | W10: =U10/V10 -> #DIV/0! | X10: =W10/C10 -> #DIV/0! | Y10: 0 | Z10: 0 | AA10: =Y10/Z10 -> #DIV/0! | AB10: =AA10/C10 -> #DIV/0! | AC10: 26050 | AD10: 528 | AE10: =AC10/AD10 -> 49.337121 | AF10: =AE10/C10 -> 0.30160582 | AG10: 0 | AH10: 0 | AI10: =AG10/AH10 -> #DIV/0! | AJ10: =AI10/C10 -> #DIV/0! | AK10: 0 | AL10: 0 | AM10: =AK10/AL10 -> #DIV/0! | AN10: =AM10/C10 -> #DIV/0! | AO10: 0 | AP10: 0 | AQ10: =AO10/AP10 -> #DIV/0! | AR10: =AQ10/C10 -> #DIV/0! | AS10: 5430 | AT10: 120 | AU10: =AS10/AT10 -> 45.25 | AV10: =AU10/C10 -> 0.27662059 | AW10: 0 | AX10: 0 | AY10: =AW10/AX10 -> #DIV/0! | AZ10: =AY10/C10 -> #DIV/0! | BA10: 0 | BB10: 0 | BC10: =BA10/BB10 -> #DIV/0! | BD10: =BC10/C10 -> #DIV/0!
C11: =AVERAGE(Table1[MA $/Sq Ft]) -> 94.07504 | D11: =AVERAGE(Table1[Basic Allowance]) -> 4442.8571 | H11: =AVERAGE(Table1[Bsmt % Base]) -> #DIV/0! | L11: =AVERAGE(Table1[[#Headers],[#Data],[UnfBsmt % Base]]) -> #DIV/0! | M11: =AVERAGE(Table1[Lower Value]) -> 39501.429 | O11: =AVERAGE(Table1[LowerVal/SqFt]) -> 58.781888 | P11: =AVERAGE(Table1[Lower % Base]) -> 0.63746615 | T11: =AVERAGE(Table1[Unf Lower % Base]) -> #DIV/0! | X11: =AVERAGE(Table1[1/2 Story % Base]) -> #DIV/0! | AB11: =AVERAGE(Table1[2nd Story % Base]) -> #DIV/0! | AC11: =SUBTOTAL(101,Table1[Att Gar Value]) -> 15218.571 | AE11: =AVERAGE(Table1[AttGarVal/SqFt]) -> 28.823052 | AF11: =AVERAGE(Table1[Att Gar % Base]) -> 0.31515293 | AJ11: =AVERAGE(Table1[Porch % Base]) -> #DIV/0! | AN11: =AVERAGE(Table1[Cov Porch % Base]) -> #DIV/0! | AR11: =AVERAGE(Table1[Deck % Base]) -> #DIV/0! | AS11: =SUBTOTAL(101,Table1[Cov Deck Value]) -> 3602.8571 | AU11: =AVERAGE(Table1[CovDeckVal/SqFt]) -> 30.02381 | AV11: =AVERAGE(Table1[CovDeck % Base]) -> 0.32997279 | AZ11: =AVERAGE(Table1[CarP % Base]) -> #DIV/0! | BD11: =AVERAGE(Table1[EFP % Base]) -> #DIV/0!
B13: Parcel ID: 131953020000011 | E13: Main area sq ft: | F13: 1961 | H13: HT: 1 St | J13: Year Built: | K13: 1993
E14: Basement | I14: Unfinished Basement | M14: Lower | Q14: Unfinished Lower | U14: 1/2 Story | Y14: 2nd Story | AC14: Attached Garage | AG14: Porch | AK14: Covered Porch | AO14: Deck | AS14: Covered Deck | AW14: Carport | BA14: EFP/Sunroom
A15: Grade | B15: Main Area $ | C15: MA $/Sq Ft | D15: Basic Allowance | E15: BsmtVal | F15: Bsmt SqFt | G15: BsmtVal/Sq Ft | H15: Bsmt % Base | I15: UnfBsmtVal | J15: UnfBsmt Sq Ft | K15: UnfBsmtVal/SqFt | L15: UnfBsmt % Base | M15: Lower Value | N15: Lower Sq Ft | O15: LowerVal/SqFt | P15: Lower % Base | Q15: Unf Lower Value | R15: UnfLower Sq Ft | S15: UnfLowVal/SqFt2 | T15: Unf Lower % Base | U15: 1/2 Story Value | V15: 1/2 Story Sq Ft | W15: 1/2 StoryVal/SqFt | X15: 1/2 Story % Base | Y15: 2nd Story Value | Z15: 2nd Sty Sq Ft | AA15: 2ndStyVal/Sqft | AB15: 2nd Story % Base | AC15: Att Gar Value | AD15: Att Gar Sq Ft | AE15: AttGarVal/SqFt | AF15: Att Gar % Base | AG15: Porch Value | AH15: Porch Sq Ft | AI15: PorchVal/SqFt | AJ15: Porch % Base | AK15: Cov Porch Value | AL15: Cov Porch Sq Ft | AM15: CovPrVal/SqFt | AN15: Cov Porch % Base | AO15: Deck Value | AP15: Deck Sq Ft | AQ15: DeckVal/SqFt | AR15: Deck % Base | AS15: Cov Deck Value | AT15: CovDeck Sq Ft | AU15: CovDeckVal/SqFt | AV15: CovDeck % Base | AW15: CarP Value | AX15: CarP Sq Ft | AY15: CarPVal/SqFt | AZ15: CarP % Base | BA15: EFP Value | BB15: EFP Sq Ft | BC15: EFPVal/SqFt | BD15: EFP % Base
A16: Chp | B16: 92520 | C16: =B16/F13 -> 47.18001 | D16: 1525 | E16: 0 | F16: 0 | G16: =E16/F16 -> #DIV/0! | H16: =G16/C16 -> #DIV/0! | I16: 0 | J16: 0 | K16: =I16/J16 -> #DIV/0! | L16: =K16/C16 -> #DIV/0! | M16: 0 | N16: 0 | O16: =M16/N16 -> #DIV/0! | P16: =O16/C16 -> #DIV/0! | Q16: 0 | R16: 0 | S16: =Q16/R16 -> #DIV/0! | T16: =S16/C16 -> #DIV/0! | U16: 0 | V16: 0 | W16: =U16/V16 -> #DIV/0! | X16: =W16/C16 -> #DIV/0! | Y16: 0 | Z16: 0 | AA16: =Y16/Z16 -> #DIV/0! | AB16: =AA16/C16 -> #DIV/0! | AC16: 7750 | AD16: 519 | AE16: =AC16/AD16 -> 14.932563 | AF16: =AE16/C16 -> 0.31650189 | AG16: 0 | AH16: 0 | AI16: =AG16/AH16 -> #DIV/0! | AJ16: =AI16/C16 -> #DIV/0! | AK16: 1110 | AL16: 132 | AM16: =AK16/AL16 -> 8.4090909 | AN16: =AM16/C16 -> 0.17823419 | AO16: 0 | AP16: 0 | AQ16: =AO16/AP16 -> #DIV/0! | AR16: =AQ16/C16 -> #DIV/0! | AS16: 0 | AT16: 0 | AU16: =AS16/AT16 -> #DIV/0! | AV16: =AU16/C16 -> #DIV/0! | AW16: 0 | AX16: 0 | AY16: =AW16/AX16 -> #DIV/0! | AZ16: =AY16/C16 -> #DIV/0! | BA16: 0 | BB16: 0 | BC16: =BA16/BB16 -> #DIV/0! | BD16: =BC16/C16 -> #DIV/0!
A17: Low | B17: 108800 | C17: =B17/F13 -> 55.481897 | D17: 1525 | E17: 0 | F17: 0 | G17: =E17/F17 -> #DIV/0! | H17: =G17/C17 -> #DIV/0! | I17: 0 | J17: 0 | K17: =I17/J17 -> #DIV/0! | L17: =K17/C17 -> #DIV/0! | M17: 0 | N17: 0 | O17: =M17/N17 -> #DIV/0! | P17: =O17/C17 -> #DIV/0! | Q17: 0 | R17: 0 | S17: =Q17/R17 -> #DIV/0! | T17: =S17/C17 -> #DIV/0! | U17: 0 | V17: 0 | W17: =U17/V17 -> #DIV/0! | X17: =W17/C17 -> #DIV/0! | Y17: 0 | Z17: 0 | AA17: =Y17/Z17 -> #DIV/0! | AB17: =AA17/C17 -> #DIV/0! | AC17: 10610 | AD17: 519 | AE17: =AC17/AD17 -> 20.44316 | AF17: =AE17/C17 -> 0.36846541 | AG17: 0 | AH17: 0 | AI17: =AG17/AH17 -> #DIV/0! | AJ17: =AI17/C17 -> #DIV/0! | AK17: 1540 | AL17: 132 | AM17: =AK17/AL17 -> 11.666667 | AN17: =AM17/C17 -> 0.2102788 | AO17: 0 | AP17: 0 | AQ17: =AO17/AP17 -> #DIV/0! | AR17: =AQ17/C17 -> #DIV/0! | AS17: 0 | AT17: 0 | AU17: =AS17/AT17 -> #DIV/0! | AV17: =AU17/C17 -> #DIV/0! | AW17: 0 | AX17: 0 | AY17: =AW17/AX17 -> #DIV/0! | AZ17: =AY17/C17 -> #DIV/0! | BA17: 0 | BB17: 0 | BC17: =BA17/BB17 -> #DIV/0! | BD17: =BC17/C17 -> #DIV/0!
A18: Fair | B18: 126810 | C18: =B18/F13 -> 64.665987 | D18: 2100 | E18: 0 | F18: 0 | G18: =E18/F18 -> #DIV/0! | H18: =G18/C18 -> #DIV/0! | I18: 0 | J18: 0 | K18: =I18/J18 -> #DIV/0! | L18: =K18/C18 -> #DIV/0! | M18: 0 | N18: 0 | O18: =M18/N18 -> #DIV/0! | P18: =O18/C18 -> #DIV/0! | Q18: 0 | R18: 0 | S18: =Q18/R18 -> #DIV/0! | T18: =S18/C18 -> #DIV/0! | U18: 0 | V18: 0 | W18: =U18/V18 -> #DIV/0! | X18: =W18/C18 -> #DIV/0! | Y18: 0 | Z18: 0 | AA18: =Y18/Z18 -> #DIV/0! | AB18: =AA18/C18 -> #DIV/0! | AC18: 13140 | AD18: 519 | AE18: =AC18/AD18 -> 25.317919 | AF18: =AE18/C18 -> 0.39151833 | AG18: 0 | AH18: 0 | AI18: =AG18/AH18 -> #DIV/0! | AJ18: =AI18/C18 -> #DIV/0! | AK18: 1800 | AL18: 132 | AM18: =AK18/AL18 -> 13.636364 | AN18: =AM18/C18 -> 0.21087382 | AO18: 0 | AP18: 0 | AQ18: =AO18/AP18 -> #DIV/0! | AR18: =AQ18/C18 -> #DIV/0! | AS18: 0 | AT18: 0 | AU18: =AS18/AT18 -> #DIV/0! | AV18: =AU18/C18 -> #DIV/0! | AW18: 0 | AX18: 0 | AY18: =AW18/AX18 -> #DIV/0! | AZ18: =AY18/C18 -> #DIV/0! | BA18: 0 | BB18: 0 | BC18: =BA18/BB18 -> #DIV/0! | BD18: =BC18/C18 -> #DIV/0!
A19: Avg | B19: 155150 | C19: =B19/F13 -> 79.117797 | D19: 2700 | E19: 0 | F19: 0 | G19: =E19/F19 -> #DIV/0! | H19: =G19/C19 -> #DIV/0! | I19: 0 | J19: 0 | K19: =I19/J19 -> #DIV/0! | L19: =K19/C19 -> #DIV/0! | M19: 0 | N19: 0 | O19: =M19/N19 -> #DIV/0! | P19: =O19/C19 -> #DIV/0! | Q19: 0 | R19: 0 | S19: =Q19/R19 -> #DIV/0! | T19: =S19/C19 -> #DIV/0! | U19: 0 | V19: 0 | W19: =U19/V19 -> #DIV/0! | X19: =W19/C19 -> #DIV/0! | Y19: 0 | Z19: 0 | AA19: =Y19/Z19 -> #DIV/0! | AB19: =AA19/C19 -> #DIV/0! | AC19: 13950 | AD19: 519 | AE19: =AC19/AD19 -> 26.878613 | AF19: =AE19/C19 -> 0.33972903 | AG19: 0 | AH19: 0 | AI19: =AG19/AH19 -> #DIV/0! | AJ19: =AI19/C19 -> #DIV/0! | AK19: 2350 | AL19: 132 | AM19: =AK19/AL19 -> 17.80303 | AN19: =AM19/C19 -> 0.22501929 | AO19: 0 | AP19: 0 | AQ19: =AO19/AP19 -> #DIV/0! | AR19: =AQ19/C19 -> #DIV/0! | AS19: 0 | AT19: 0 | AU19: =AS19/AT19 -> #DIV/0! | AV19: =AU19/C19 -> #DIV/0! | AW19: 0 | AX19: 0 | AY19: =AW19/AX19 -> #DIV/0! | AZ19: =AY19/C19 -> #DIV/0! | BA19: 0 | BB19: 0 | BC19: =BA19/BB19 -> #DIV/0! | BD19: =BC19/C19 -> #DIV/0!
A20: Good | B20: 191770 | C20: =B20/F13 -> 97.791943 | D20: 5250 | E20: 0 | F20: 0 | G20: =E20/F20 -> #DIV/0! | H20: =G20/C20 -> #DIV/0! | I20: 0 | J20: 0 | K20: =I20/J20 -> #DIV/0! | L20: =K20/C20 -> #DIV/0! | M20: 0 | N20: 0 | O20: =M20/N20 -> #DIV/0! | P20: =O20/C20 -> #DIV/0! | Q20: 0 | R20: 0 | S20: =Q20/R20 -> #DIV/0! | T20: =S20/C20 -> #DIV/0! | U20: 0 | V20: 0 | W20: =U20/V20 -> #DIV/0! | X20: =W20/C20 -> #DIV/0! | Y20: 0 | Z20: 0 | AA20: =Y20/Z20 -> #DIV/0! | AB20: =AA20/C20 -> #DIV/0! | AC20: 15890 | AD20: 519 | AE20: =AC20/AD20 -> 30.61657 | AF20: =AE20/C20 -> 0.31307866 | AG20: 0 | AH20: 0 | AI20: =AG20/AH20 -> #DIV/0! | AJ20: =AI20/C20 -> #DIV/0! | AK20: 2580 | AL20: 132 | AM20: =AK20/AL20 -> 19.545455 | AN20: =AM20/C20 -> 0.19986774 | AO20: 0 | AP20: 0 | AQ20: =AO20/AP20 -> #DIV/0! | AR20: =AQ20/C20 -> #DIV/0! | AS20: 0 | AT20: 0 | AU20: =AS20/AT20 -> #DIV/0! | AV20: =AU20/C20 -> #DIV/0! | AW20: 0 | AX20: 0 | AY20: =AW20/AX20 -> #DIV/0! | AZ20: =AY20/C20 -> #DIV/0! | BA20: 0 | BB20: 0 | BC20: =BA20/BB20 -> #DIV/0! | BD20: =BC20/C20 -> #DIV/0!
A21: VGood | B21: 255900 | C21: =B21/F13 -> 130.49465 | D21: 7050 | E21: 0 | F21: 0 | G21: =E21/F21 -> #DIV/0! | H21: =G21/C21 -> #DIV/0! | I21: 0 | J21: 0 | K21: =I21/J21 -> #DIV/0! | L21: =K21/C21 -> #DIV/0! | M21: 0 | N21: 0 | O21: =M21/N21 -> #DIV/0! | P21: =O21/C21 -> #DIV/0! | Q21: 0 | R21: 0 | S21: =Q21/R21 -> #DIV/0! | T21: =S21/C21 -> #DIV/0! | U21: 0 | V21: 0 | W21: =U21/V21 -> #DIV/0! | X21: =W21/C21 -> #DIV/0! | Y21: 0 | Z21: 0 | AA21: =Y21/Z21 -> #DIV/0! | AB21: =AA21/C21 -> #DIV/0! | AC21: 17940 | AD21: 519 | AE21: =AC21/AD21 -> 34.566474 | AF21: =AE21/C21 -> 0.26488806 | AG21: 0 | AH21: 0 | AI21: =AG21/AH21 -> #DIV/0! | AJ21: =AI21/C21 -> #DIV/0! | AK21: 3160 | AL21: 132 | AM21: =AK21/AL21 -> 23.939394 | AN21: =AM21/C21 -> 0.18345116 | AO21: 0 | AP21: 0 | AQ21: =AO21/AP21 -> #DIV/0! | AR21: =AQ21/C21 -> #DIV/0! | AS21: 0 | AT21: 0 | AU21: =AS21/AT21 -> #DIV/0! | AV21: =AU21/C21 -> #DIV/0! | AW21: 0 | AX21: 0 | AY21: =AW21/AX21 -> #DIV/0! | AZ21: =AY21/C21 -> #DIV/0! | BA21: 0 | BB21: 0 | BC21: =BA21/BB21 -> #DIV/0! | BD21: =BC21/C21 -> #DIV/0!
A22: Excellent | B22: 309790 | C22: =B22/F13 -> 157.97552 | D22: 10950 | E22: 0 | F22: 0 | G22: =E22/F22 -> #DIV/0! | H22: =G22/C22 -> #DIV/0! | I22: 0 | J22: 0 | K22: =I22/J22 -> #DIV/0! | L22: =K22/C22 -> #DIV/0! | M22: 0 | N22: 0 | O22: =M22/N22 -> #DIV/0! | P22: =O22/C22 -> #DIV/0! | Q22: 0 | R22: 0 | S22: =Q22/R22 -> #DIV/0! | T22: =S22/C22 -> #DIV/0! | U22: 0 | V22: 0 | W22: =U22/V22 -> #DIV/0! | X22: =W22/C22 -> #DIV/0! | Y22: 0 | Z22: 0 | AA22: =Y22/Z22 -> #DIV/0! | AB22: =AA22/C22 -> #DIV/0! | AC22: 25670 | AD22: 519 | AE22: =AC22/AD22 -> 49.460501 | AF22: =AE22/C22 -> 0.31308965 | AG22: 0 | AH22: 0 | AI22: =AG22/AH22 -> #DIV/0! | AJ22: =AI22/C22 -> #DIV/0! | AK22: 3830 | AL22: 132 | AM22: =AK22/AL22 -> 29.015152 | AN22: =AM22/C22 -> 0.18366865 | AO22: 0 | AP22: 0 | AQ22: =AO22/AP22 -> #DIV/0! | AR22: =AQ22/C22 -> #DIV/0! | AS22: 0 | AT22: 0 | AU22: =AS22/AT22 -> #DIV/0! | AV22: =AU22/C22 -> #DIV/0! | AW22: 0 | AX22: 0 | AY22: =AW22/AX22 -> #DIV/0! | AZ22: =AY22/C22 -> #DIV/0! | BA22: 0 | BB22: 0 | BC22: =BA22/BB22 -> #DIV/0! | BD22: =BC22/C22 -> #DIV/0!
C23: =AVERAGE(Table11011[MA $/Sq Ft]) -> 90.386829 | D23: =AVERAGE(Table11011[Basic Allowance]) -> 4442.8571 | H23: =AVERAGE(Table11011[Bsmt % Base]) -> #DIV/0! | L23: =AVERAGE(Table11011[[#Headers],[#Data],[UnfBsmt % Base]]) -> #DIV/0! | O23: =AVERAGE(Table11011[LowerVal/SqFt]) -> #DIV/0! | P23: =AVERAGE(Table11011[Lower % Base]) -> #DIV/0! | T23: =AVERAGE(Table11011[Unf Lower % Base]) -> #DIV/0! | X23: =AVERAGE(Table11011[1/2 Story % Base]) -> #DIV/0! | AB23: =AVERAGE(Table11011[2nd Story % Base]) -> #DIV/0! | AC23: =SUBTOTAL(101,Table11011[Att Gar Value]) -> 14992.857 | AE23: =AVERAGE(Table11011[AttGarVal/SqFt]) -> 28.887971 | AF23: =AVERAGE(Table11011[Att Gar % Base]) -> 0.32961015 | AJ23: =AVERAGE(Table11011[Porch % Base]) -> #DIV/0! | AN23: =AVERAGE(Table11011[Cov Porch % Base]) -> 0.19877052 | AR23: =AVERAGE(Table11011[Deck % Base]) -> #DIV/0! | AU23: =AVERAGE(Table11011[CovDeckVal/SqFt]) -> #DIV/0! | AV23: =AVERAGE(Table11011[CovDeck % Base]) -> #DIV/0! | AZ23: =AVERAGE(Table11011[CarP % Base]) -> #DIV/0! | BD23: =AVERAGE(Table11011[EFP % Base]) -> #DIV/0!
B25: Parcel ID: 110892040006010 | E25: Main area sq ft: | F25: 2082 | H25: HT: 1 St | J25: Year Built: | K25: 1976
E26: Basement | I26: Unfinished Basement | M26: Lower | Q26: Unfinished Lower | U26: 1/2 Story | Y26: 2nd Story | AC26: Attached Garage | AG26: Porch | AK26: Covered Porch | AO26: Deck | AS26: Covered Deck | AW26: Carport | BA26: EFP/Sunroom
A27: Grade | B27: Main Area $ | C27: MA $/Sq Ft | D27: Basic Allowance | E27: BsmtVal | F27: Bsmt SqFt | G27: BsmtVal/Sq Ft | H27: Bsmt % Base | I27: UnfBsmtVal | J27: UnfBsmt Sq Ft | K27: UnfBsmtVal/SqFt | L27: UnfBsmt % Base | M27: Lower Value | N27: Lower Sq Ft | O27: LowerVal/SqFt | P27: Lower % Base | Q27: Unf Lower Value | R27: UnfLower Sq Ft | S27: UnfLowVal/SqFt2 | T27: Unf Lower % Base | U27: 1/2 Story Value | V27: 1/2 Story Sq Ft | W27: 1/2 StoryVal/SqFt | X27: 1/2 Story % Base | Y27: 2nd Story Value | Z27: 2nd Sty Sq Ft | AA27: 2ndStyVal/Sqft | AB27: 2nd Story % Base | AC27: Att Gar Value | AD27: Att Gar Sq Ft | AE27: AttGarVal/SqFt | AF27: Att Gar % Base | AG27: Porch Value | AH27: Porch Sq Ft | AI27: PorchVal/SqFt | AJ27: Porch % Base | AK27: Cov Porch Value | AL27: Cov Porch Sq Ft | AM27: CovPrVal/SqFt | AN27: Cov Porch % Base | AO27: Deck Value | AP27: Deck Sq Ft | AQ27: DeckVal/SqFt | AR27: Deck % Base | AS27: Cov Deck Value | AT27: CovDeck Sq Ft | AU27: CovDeckVal/SqFt | AV27: CovDeck % Base | AW27: CarP Value | AX27: CarP Sq Ft | AY27: CarPVal/SqFt | AZ27: CarP % Base | BA27: EFP Value | BB27: EFP Sq Ft | BC27: EFPVal/SqFt | BD27: EFP % Base
A28: Chp | B28: 97030 | C28: =B28/F25 -> 46.604227 | D28: 1525 | E28: 0 | F28: 0 | G28: =E28/F28 -> #DIV/0! | H28: =G28/C28 -> #DIV/0! | I28: 0 | J28: 0 | K28: =I28/J28 -> #DIV/0! | L28: =K28/C28 -> #DIV/0! | M28: 0 | N28: 0 | O28: =M28/N28 -> #DIV/0! | P28: =O28/C28 -> #DIV/0! | Q28: 0 | R28: 0 | S28: =Q28/R28 -> #DIV/0! | T28: =S28/C28 -> #DIV/0! | U28: 0 | V28: 0 | W28: =U28/V28 -> #DIV/0! | X28: =W28/C28 -> #DIV/0! | Y28: 0 | Z28: 0 | AA28: =Y28/Z28 -> #DIV/0! | AB28: =AA28/C28 -> #DIV/0! | AC28: 8160 | AD28: 552 | AE28: =AC28/AD28 -> 14.782609 | AF28: =AE28/C28 -> 0.31719459 | AG28: 0 | AH28: 0 | AI28: =AG28/AH28 -> #DIV/0! | AJ28: =AI28/C28 -> #DIV/0! | AK28: 0 | AL28: 0 | AM28: =AK28/AL28 -> #DIV/0! | AN28: =AM28/C28 -> #DIV/0! | AO28: 0 | AP28: 0 | AQ28: =AO28/AP28 -> #DIV/0! | AR28: =AQ28/C28 -> #DIV/0! | AS28: 0 | AT28: 0 | AU28: =AS28/AT28 -> #DIV/0! | AV28: =AU28/C28 -> #DIV/0! | AW28: 0 | AX28: 0 | AY28: =AW28/AX28 -> #DIV/0! | AZ28: =AY28/C28 -> #DIV/0! | BA28: 0 | BB28: 0 | BC28: =BA28/BB28 -> #DIV/0! | BD28: =BC28/C28 -> #DIV/0!
A29: Low | B29: 114090 | C29: =B29/F25 -> 54.798271 | D29: 1525 | E29: 0 | F29: 0 | G29: =E29/F29 -> #DIV/0! | H29: =G29/C29 -> #DIV/0! | I29: 0 | J29: 0 | K29: =I29/J29 -> #DIV/0! | L29: =K29/C29 -> #DIV/0! | M29: 0 | N29: 0 | O29: =M29/N29 -> #DIV/0! | P29: =O29/C29 -> #DIV/0! | Q29: 0 | R29: 0 | S29: =Q29/R29 -> #DIV/0! | T29: =S29/C29 -> #DIV/0! | U29: 0 | V29: 0 | W29: =U29/V29 -> #DIV/0! | X29: =W29/C29 -> #DIV/0! | Y29: 0 | Z29: 0 | AA29: =Y29/Z29 -> #DIV/0! | AB29: =AA29/C29 -> #DIV/0! | AC29: 11110 | AD29: 552 | AE29: =AC29/AD29 -> 20.126812 | AF29: =AE29/C29 -> 0.36728917 | AG29: 0 | AH29: 0 | AI29: =AG29/AH29 -> #DIV/0! | AJ29: =AI29/C29 -> #DIV/0! | AK29: 0 | AL29: 0 | AM29: =AK29/AL29 -> #DIV/0! | AN29: =AM29/C29 -> #DIV/0! | AO29: 0 | AP29: 0 | AQ29: =AO29/AP29 -> #DIV/0! | AR29: =AQ29/C29 -> #DIV/0! | AS29: 0 | AT29: 0 | AU29: =AS29/AT29 -> #DIV/0! | AV29: =AU29/C29 -> #DIV/0! | AW29: 0 | AX29: 0 | AY29: =AW29/AX29 -> #DIV/0! | AZ29: =AY29/C29 -> #DIV/0! | BA29: 0 | BB29: 0 | BC29: =BA29/BB29 -> #DIV/0! | BD29: =BC29/C29 -> #DIV/0!
A30: Fair | B30: 132880 | C30: =B30/F25 -> 63.823247 | D30: 2100 | E30: 0 | F30: 0 | G30: =E30/F30 -> #DIV/0! | H30: =G30/C30 -> #DIV/0! | I30: 0 | J30: 0 | K30: =I30/J30 -> #DIV/0! | L30: =K30/C30 -> #DIV/0! | M30: 0 | N30: 0 | O30: =M30/N30 -> #DIV/0! | P30: =O30/C30 -> #DIV/0! | Q30: 0 | R30: 0 | S30: =Q30/R30 -> #DIV/0! | T30: =S30/C30 -> #DIV/0! | U30: 0 | V30: 0 | W30: =U30/V30 -> #DIV/0! | X30: =W30/C30 -> #DIV/0! | Y30: 0 | Z30: 0 | AA30: =Y30/Z30 -> #DIV/0! | AB30: =AA30/C30 -> #DIV/0! | AC30: 13900 | AD30: 552 | AE30: =AC30/AD30 -> 25.181159 | AF30: =AE30/C30 -> 0.39454526 | AG30: 0 | AH30: 0 | AI30: =AG30/AH30 -> #DIV/0! | AJ30: =AI30/C30 -> #DIV/0! | AK30: 0 | AL30: 0 | AM30: =AK30/AL30 -> #DIV/0! | AN30: =AM30/C30 -> #DIV/0! | AO30: 0 | AP30: 0 | AQ30: =AO30/AP30 -> #DIV/0! | AR30: =AQ30/C30 -> #DIV/0! | AS30: 0 | AT30: 0 | AU30: =AS30/AT30 -> #DIV/0! | AV30: =AU30/C30 -> #DIV/0! | AW30: 0 | AX30: 0 | AY30: =AW30/AX30 -> #DIV/0! | AZ30: =AY30/C30 -> #DIV/0! | BA30: 0 | BB30: 0 | BC30: =BA30/BB30 -> #DIV/0! | BD30: =BC30/C30 -> #DIV/0!
A31: Avg | B31: 163830 | C31: =B31/F25 -> 78.688761 | D31: 2700 | E31: 0 | F31: 0 | G31: =E31/F31 -> #DIV/0! | H31: =G31/C31 -> #DIV/0! | I31: 0 | J31: 0 | K31: =I31/J31 -> #DIV/0! | L31: =K31/C31 -> #DIV/0! | M31: 0 | N31: 0 | O31: =M31/N31 -> #DIV/0! | P31: =O31/C31 -> #DIV/0! | Q31: 0 | R31: 0 | S31: =Q31/R31 -> #DIV/0! | T31: =S31/C31 -> #DIV/0! | U31: 0 | V31: 0 | W31: =U31/V31 -> #DIV/0! | X31: =W31/C31 -> #DIV/0! | Y31: 0 | Z31: 0 | AA31: =Y31/Z31 -> #DIV/0! | AB31: =AA31/C31 -> #DIV/0! | AC31: 14770 | AD31: 552 | AE31: =AC31/AD31 -> 26.757246 | AF31: =AE31/C31 -> 0.34003899 | AG31: 0 | AH31: 0 | AI31: =AG31/AH31 -> #DIV/0! | AJ31: =AI31/C31 -> #DIV/0! | AK31: 0 | AL31: 0 | AM31: =AK31/AL31 -> #DIV/0! | AN31: =AM31/C31 -> #DIV/0! | AO31: 0 | AP31: 0 | AQ31: =AO31/AP31 -> #DIV/0! | AR31: =AQ31/C31 -> #DIV/0! | AS31: 0 | AT31: 0 | AU31: =AS31/AT31 -> #DIV/0! | AV31: =AU31/C31 -> #DIV/0! | AW31: 0 | AX31: 0 | AY31: =AW31/AX31 -> #DIV/0! | AZ31: =AY31/C31 -> #DIV/0! | BA31: 0 | BB31: 0 | BC31: =BA31/BB31 -> #DIV/0! | BD31: =BC31/C31 -> #DIV/0!
A32: Good | B32: 202360 | C32: =B32/F25 -> 97.195005 | D32: 5250 | E32: 0 | F32: 0 | G32: =E32/F32 -> #DIV/0! | H32: =G32/C32 -> #DIV/0! | I32: 0 | J32: 0 | K32: =I32/J32 -> #DIV/0! | L32: =K32/C32 -> #DIV/0! | M32: 0 | N32: 0 | O32: =M32/N32 -> #DIV/0! | P32: =O32/C32 -> #DIV/0! | Q32: 0 | R32: 0 | S32: =Q32/R32 -> #DIV/0! | T32: =S32/C32 -> #DIV/0! | U32: 0 | V32: 0 | W32: =U32/V32 -> #DIV/0! | X32: =W32/C32 -> #DIV/0! | Y32: 0 | Z32: 0 | AA32: =Y32/Z32 -> #DIV/0! | AB32: =AA32/C32 -> #DIV/0! | AC32: 16820 | AD32: 552 | AE32: =AC32/AD32 -> 30.471014 | AF32: =AE32/C32 -> 0.31350391 | AG32: 0 | AH32: 0 | AI32: =AG32/AH32 -> #DIV/0! | AJ32: =AI32/C32 -> #DIV/0! | AK32: 0 | AL32: 0 | AM32: =AK32/AL32 -> #DIV/0! | AN32: =AM32/C32 -> #DIV/0! | AO32: 0 | AP32: 0 | AQ32: =AO32/AP32 -> #DIV/0! | AR32: =AQ32/C32 -> #DIV/0! | AS32: 0 | AT32: 0 | AU32: =AS32/AT32 -> #DIV/0! | AV32: =AU32/C32 -> #DIV/0! | AW32: 0 | AX32: 0 | AY32: =AW32/AX32 -> #DIV/0! | AZ32: =AY32/C32 -> #DIV/0! | BA32: 0 | BB32: 0 | BC32: =BA32/BB32 -> #DIV/0! | BD32: =BC32/C32 -> #DIV/0!
A33: VGood | B33: 270790 | C33: =B33/F25 -> 130.06244 | D33: 7050 | E33: 0 | F33: 0 | G33: =E33/F33 -> #DIV/0! | H33: =G33/C33 -> #DIV/0! | I33: 0 | J33: 0 | K33: =I33/J33 -> #DIV/0! | L33: =K33/C33 -> #DIV/0! | M33: 0 | N33: 0 | O33: =M33/N33 -> #DIV/0! | P33: =O33/C33 -> #DIV/0! | Q33: 0 | R33: 0 | S33: =Q33/R33 -> #DIV/0! | T33: =S33/C33 -> #DIV/0! | U33: 0 | V33: 0 | W33: =U33/V33 -> #DIV/0! | X33: =W33/C33 -> #DIV/0! | Y33: 0 | Z33: 0 | AA33: =Y33/Z33 -> #DIV/0! | AB33: =AA33/C33 -> #DIV/0! | AC33: 18880 | AD33: 552 | AE33: =AC33/AD33 -> 34.202899 | AF33: =AE33/C33 -> 0.26297291 | AG33: 0 | AH33: 0 | AI33: =AG33/AH33 -> #DIV/0! | AJ33: =AI33/C33 -> #DIV/0! | AK33: 0 | AL33: 0 | AM33: =AK33/AL33 -> #DIV/0! | AN33: =AM33/C33 -> #DIV/0! | AO33: 0 | AP33: 0 | AQ33: =AO33/AP33 -> #DIV/0! | AR33: =AQ33/C33 -> #DIV/0! | AS33: 0 | AT33: 0 | AU33: =AS33/AT33 -> #DIV/0! | AV33: =AU33/C33 -> #DIV/0! | AW33: 0 | AX33: 0 | AY33: =AW33/AX33 -> #DIV/0! | AZ33: =AY33/C33 -> #DIV/0! | BA33: 0 | BB33: 0 | BC33: =BA33/BB33 -> #DIV/0! | BD33: =BC33/C33 -> #DIV/0!
A34: Excellent | B34: 326750 | C34: =B34/F25 -> 156.94044 | D34: 10950 | E34: 0 | F34: 0 | G34: =E34/F34 -> #DIV/0! | H34: =G34/C34 -> #DIV/0! | I34: 0 | J34: 0 | K34: =I34/J34 -> #DIV/0! | L34: =K34/C34 -> #DIV/0! | M34: 0 | N34: 0 | O34: =M34/N34 -> #DIV/0! | P34: =O34/C34 -> #DIV/0! | Q34: 0 | R34: 0 | S34: =Q34/R34 -> #DIV/0! | T34: =S34/C34 -> #DIV/0! | U34: 0 | V34: 0 | W34: =U34/V34 -> #DIV/0! | X34: =W34/C34 -> #DIV/0! | Y34: 0 | Z34: 0 | AA34: =Y34/Z34 -> #DIV/0! | AB34: =AA34/C34 -> #DIV/0! | AC34: 27050 | AD34: 552 | AE34: =AC34/AD34 -> 49.003623 | AF34: =AE34/C34 -> 0.31224344 | AG34: 0 | AH34: 0 | AI34: =AG34/AH34 -> #DIV/0! | AJ34: =AI34/C34 -> #DIV/0! | AK34: 0 | AL34: 0 | AM34: =AK34/AL34 -> #DIV/0! | AN34: =AM34/C34 -> #DIV/0! | AO34: 0 | AP34: 0 | AQ34: =AO34/AP34 -> #DIV/0! | AR34: =AQ34/C34 -> #DIV/0! | AS34: 0 | AT34: 0 | AU34: =AS34/AT34 -> #DIV/0! | AV34: =AU34/C34 -> #DIV/0! | AW34: 0 | AX34: 0 | AY34: =AW34/AX34 -> #DIV/0! | AZ34: =AY34/C34 -> #DIV/0! | BA34: 0 | BB34: 0 | BC34: =BA34/BB34 -> #DIV/0! | BD34: =BC34/C34 -> #DIV/0!
C35: =AVERAGE(Table1103[MA $/Sq Ft]) -> 89.730342 | D35: =AVERAGE(Table1103[Basic Allowance]) -> 4442.8571 | H35: =AVERAGE(Table1103[Bsmt % Base]) -> #DIV/0! | L35: =AVERAGE(Table1103[[#Headers],[#Data],[UnfBsmt % Base]]) -> #DIV/0! | O35: =AVERAGE(Table1103[LowerVal/SqFt]) -> #DIV/0! | P35: =AVERAGE(Table1103[Lower % Base]) -> #DIV/0! | T35: =AVERAGE(Table1103[Unf Lower % Base]) -> #DIV/0! | X35: =AVERAGE(Table1103[1/2 Story % Base]) -> #DIV/0! | AB35: =AVERAGE(Table1103[2nd Story % Base]) -> #DIV/0! | AE35: =AVERAGE(Table1103[AttGarVal/SqFt]) -> 28.64648 | AF35: =AVERAGE(Table1103[Att Gar % Base]) -> 0.32968404 | AJ35: =AVERAGE(Table1103[Porch % Base]) -> #DIV/0! | AN35: =AVERAGE(Table1103[Cov Porch % Base]) -> #DIV/0! | AR35: =AVERAGE(Table1103[Deck % Base]) -> #DIV/0! | AU35: =AVERAGE(Table1103[CovDeckVal/SqFt]) -> #DIV/0! | AV35: =AVERAGE(Table1103[CovDeck % Base]) -> #DIV/0! | AZ35: =AVERAGE(Table1103[CarP % Base]) -> #DIV/0! | BD35: =AVERAGE(Table1103[EFP % Base]) -> #DIV/0!
B37: Parcel ID: 101893050002010 | E37: Main area sq ft: | F37: 768 | H37: HT: 1 St Masonry | J37: Year Built: | K37: 1948
E38: Basement | I38: Unfinished Basement | M38: Lower | Q38: Unfinished Lower | U38: 1/2 Story | Y38: 2nd Story | AC38: Attached Garage | AG38: Porch | AK38: Covered Porch | AO38: Deck | AS38: Covered Deck | AW38: Carport | BA38: EFP/Sunroom
A39: Grade | B39: Main Area $ | C39: MA $/Sq Ft | D39: Basic Allowance | E39: BsmtVal | F39: Bsmt SqFt | G39: BsmtVal/Sq Ft | H39: Bsmt % Base | I39: UnfBsmtVal | J39: UnfBsmt Sq Ft | K39: UnfBsmtVal/SqFt | L39: UnfBsmt % Base | M39: Lower Value | N39: Lower Sq Ft | O39: LowerVal/SqFt | P39: Lower % Base | Q39: Unf Lower Value | R39: UnfLower Sq Ft | S39: UnfLowVal/SqFt2 | T39: Unf Lower % Base | U39: 1/2 Story Value | V39: 1/2 Story Sq Ft | W39: 1/2 StoryVal/SqFt | X39: 1/2 Story % Base | Y39: 2nd Story Value | Z39: 2nd Sty Sq Ft | AA39: 2ndStyVal/Sqft | AB39: 2nd Story % Base | AC39: Att Gar Value | AD39: Att Gar Sq Ft | AE39: AttGarVal/SqFt | AF39: Att Gar % Base | AG39: Porch Value | AH39: Porch Sq Ft | AI39: PorchVal/SqFt | AJ39: Porch % Base | AK39: Cov Porch Value | AL39: Cov Porch Sq Ft | AM39: CovPrVal/SqFt | AN39: Cov Porch % Base | AO39: Deck Value | AP39: Deck Sq Ft | AQ39: DeckVal/SqFt | AR39: Deck % Base | AS39: Cov Deck Value | AT39: CovDeck Sq Ft | AU39: CovDeckVal/SqFt | AV39: CovDeck % Base | AW39: CarP Value | AX39: CarP Sq Ft | AY39: CarPVal/SqFt | AZ39: CarP % Base | BA39: EFP Value | BB39: EFP Sq Ft | BC39: EFPVal/SqFt | BD39: EFP % Base
A40: Chp | B40: 42240 | C40: =B40/F37 -> 55 | D40: 1525 | E40: 0 | F40: 0 | G40: =E40/F40 -> #DIV/0! | H40: =G40/C40 -> #DIV/0! | I40: 0 | J40: 0 | K40: =I40/J40 -> #DIV/0! | L40: =K40/C40 -> #DIV/0! | M40: 0 | N40: 0 | O40: =M40/N40 -> #DIV/0! | P40: =O40/C40 -> #DIV/0! | Q40: 0 | R40: 0 | S40: =Q40/R40 -> #DIV/0! | T40: =S40/C40 -> #DIV/0! | U40: 0 | V40: 0 | W40: =U40/V40 -> #DIV/0! | X40: =W40/C40 -> #DIV/0! | Y40: 0 | Z40: 0 | AA40: =Y40/Z40 -> #DIV/0! | AB40: =AA40/C40 -> #DIV/0! | AC40: 5570 | AD40: 336 | AE40: =AC40/AD40 -> 16.577381 | AF40: =AE40/C40 -> 0.30140693 | AG40: 0 | AH40: 0 | AI40: =AG40/AH40 -> #DIV/0! | AJ40: =AI40/C40 -> #DIV/0! | AK40: 2190 | AL40: 364 | AM40: =AK40/AL40 -> 6.0164835 | AN40: =AM40/C40 -> 0.10939061 | AO40: 0 | AP40: 0 | AQ40: =AO40/AP40 -> #DIV/0! | AR40: =AQ40/C40 -> #DIV/0! | AS40: 0 | AT40: 0 | AU40: =AS40/AT40 -> #DIV/0! | AV40: =AU40/C40 -> #DIV/0! | AW40: 0 | AX40: 0 | AY40: =AW40/AX40 -> #DIV/0! | AZ40: =AY40/C40 -> #DIV/0! | BA40: 0 | BB40: 0 | BC40: =BA40/BB40 -> #DIV/0! | BD40: =BC40/C40 -> #DIV/0!
A41: Low | B41: 49700 | C41: =B41/F37 -> 64.713542 | D41: 1525 | E41: 0 | F41: 0 | G41: =E41/F41 -> #DIV/0! | H41: =G41/C41 -> #DIV/0! | I41: 0 | J41: 0 | K41: =I41/J41 -> #DIV/0! | L41: =K41/C41 -> #DIV/0! | M41: 0 | N41: 0 | O41: =M41/N41 -> #DIV/0! | P41: =O41/C41 -> #DIV/0! | Q41: 0 | R41: 0 | S41: =Q41/R41 -> #DIV/0! | T41: =S41/C41 -> #DIV/0! | U41: 0 | V41: 0 | W41: =U41/V41 -> #DIV/0! | X41: =W41/C41 -> #DIV/0! | Y41: 0 | Z41: 0 | AA41: =Y41/Z41 -> #DIV/0! | AB41: =AA41/C41 -> #DIV/0! | AC41: 7780 | AD41: 336 | AE41: =AC41/AD41 -> 23.154762 | AF41: =AE41/C41 -> 0.35780397 | AG41: 0 | AH41: 0 | AI41: =AG41/AH41 -> #DIV/0! | AJ41: =AI41/C41 -> #DIV/0! | AK41: 3180 | AL41: 364 | AM41: =AK41/AL41 -> 8.7362637 | AN41: =AM41/C41 -> 0.13499901 | AO41: 0 | AP41: 0 | AQ41: =AO41/AP41 -> #DIV/0! | AR41: =AQ41/C41 -> #DIV/0! | AS41: 0 | AT41: 0 | AU41: =AS41/AT41 -> #DIV/0! | AV41: =AU41/C41 -> #DIV/0! | AW41: 0 | AX41: 0 | AY41: =AW41/AX41 -> #DIV/0! | AZ41: =AY41/C41 -> #DIV/0! | BA41: 0 | BB41: 0 | BC41: =BA41/BB41 -> #DIV/0! | BD41: =BC41/C41 -> #DIV/0!
A42: Fair | B42: 58220 | C42: =B42/F37 -> 75.807292 | D42: 2100 | E42: 0 | F42: 0 | G42: =E42/F42 -> #DIV/0! | H42: =G42/C42 -> #DIV/0! | I42: 0 | J42: 0 | K42: =I42/J42 -> #DIV/0! | L42: =K42/C42 -> #DIV/0! | M42: 0 | N42: 0 | O42: =M42/N42 -> #DIV/0! | P42: =O42/C42 -> #DIV/0! | Q42: 0 | R42: 0 | S42: =Q42/R42 -> #DIV/0! | T42: =S42/C42 -> #DIV/0! | U42: 0 | V42: 0 | W42: =U42/V42 -> #DIV/0! | X42: =W42/C42 -> #DIV/0! | Y42: 0 | Z42: 0 | AA42: =Y42/Z42 -> #DIV/0! | AB42: =AA42/C42 -> #DIV/0! | AC42: 9460 | AD42: 336 | AE42: =AC42/AD42 -> 28.154762 | AF42: =AE42/C42 -> 0.37139913 | AG42: 0 | AH42: 0 | AI42: =AG42/AH42 -> #DIV/0! | AJ42: =AI42/C42 -> #DIV/0! | AK42: 3510 | AL42: 364 | AM42: =AK42/AL42 -> 9.6428571 | AN42: =AM42/C42 -> 0.12720224 | AO42: 0 | AP42: 0 | AQ42: =AO42/AP42 -> #DIV/0! | AR42: =AQ42/C42 -> #DIV/0! | AS42: 0 | AT42: 0 | AU42: =AS42/AT42 -> #DIV/0! | AV42: =AU42/C42 -> #DIV/0! | AW42: 0 | AX42: 0 | AY42: =AW42/AX42 -> #DIV/0! | AZ42: =AY42/C42 -> #DIV/0! | BA42: 0 | BB42: 0 | BC42: =BA42/BB42 -> #DIV/0! | BD42: =BC42/C42 -> #DIV/0!
A43: Avg | B43: 69450 | C43: =B43/F37 -> 90.429688 | D43: 2700 | E43: 0 | F43: 0 | G43: =E43/F43 -> #DIV/0! | H43: =G43/C43 -> #DIV/0! | I43: 0 | J43: 0 | K43: =I43/J43 -> #DIV/0! | L43: =K43/C43 -> #DIV/0! | M43: 0 | N43: 0 | O43: =M43/N43 -> #DIV/0! | P43: =O43/C43 -> #DIV/0! | Q43: 0 | R43: 0 | S43: =Q43/R43 -> #DIV/0! | T43: =S43/C43 -> #DIV/0! | U43: 0 | V43: 0 | W43: =U43/V43 -> #DIV/0! | X43: =W43/C43 -> #DIV/0! | Y43: 0 | Z43: 0 | AA43: =Y43/Z43 -> #DIV/0! | AB43: =AA43/C43 -> #DIV/0! | AC43: 9920 | AD43: 336 | AE43: =AC43/AD43 -> 29.52381 | AF43: =AE43/C43 -> 0.3264836 | AG43: 0 | AH43: 0 | AI43: =AG43/AH43 -> #DIV/0! | AJ43: =AI43/C43 -> #DIV/0! | AK43: 4000 | AL43: 364 | AM43: =AK43/AL43 -> 10.989011 | AN43: =AM43/C43 -> 0.12151995 | AO43: 0 | AP43: 0 | AQ43: =AO43/AP43 -> #DIV/0! | AR43: =AQ43/C43 -> #DIV/0! | AS43: 0 | AT43: 0 | AU43: =AS43/AT43 -> #DIV/0! | AV43: =AU43/C43 -> #DIV/0! | AW43: 0 | AX43: 0 | AY43: =AW43/AX43 -> #DIV/0! | AZ43: =AY43/C43 -> #DIV/0! | BA43: 0 | BB43: 0 | BC43: =BA43/BB43 -> #DIV/0! | BD43: =BC43/C43 -> #DIV/0!
A44: Good | B44: 86320 | C44: =B44/F37 -> 112.39583 | D44: 5250 | E44: 0 | F44: 0 | G44: =E44/F44 -> #DIV/0! | H44: =G44/C44 -> #DIV/0! | I44: 0 | J44: 0 | K44: =I44/J44 -> #DIV/0! | L44: =K44/C44 -> #DIV/0! | M44: 0 | N44: 0 | O44: =M44/N44 -> #DIV/0! | P44: =O44/C44 -> #DIV/0! | Q44: 0 | R44: 0 | S44: =Q44/R44 -> #DIV/0! | T44: =S44/C44 -> #DIV/0! | U44: 0 | V44: 0 | W44: =U44/V44 -> #DIV/0! | X44: =W44/C44 -> #DIV/0! | Y44: 0 | Z44: 0 | AA44: =Y44/Z44 -> #DIV/0! | AB44: =AA44/C44 -> #DIV/0! | AC44: 11360 | AD44: 336 | AE44: =AC44/AD44 -> 33.809524 | AF44: =AE44/C44 -> 0.30080763 | AG44: 0 | AH44: 0 | AI44: =AG44/AH44 -> #DIV/0! | AJ44: =AI44/C44 -> #DIV/0! | AK44: 4640 | AL44: 364 | AM44: =AK44/AL44 -> 12.747253 | AN44: =AM44/C44 -> 0.11341393 | AO44: 0 | AP44: 0 | AQ44: =AO44/AP44 -> #DIV/0! | AR44: =AQ44/C44 -> #DIV/0! | AS44: 0 | AT44: 0 | AU44: =AS44/AT44 -> #DIV/0! | AV44: =AU44/C44 -> #DIV/0! | AW44: 0 | AX44: 0 | AY44: =AW44/AX44 -> #DIV/0! | AZ44: =AY44/C44 -> #DIV/0! | BA44: 0 | BB44: 0 | BC44: =BA44/BB44 -> #DIV/0! | BD44: =BC44/C44 -> #DIV/0!
A45: VGood | B45: 109860 | C45: =B45/F37 -> 143.04688 | D45: 7050 | E45: 0 | F45: 0 | G45: =E45/F45 -> #DIV/0! | H45: =G45/C45 -> #DIV/0! | I45: 0 | J45: 0 | K45: =I45/J45 -> #DIV/0! | L45: =K45/C45 -> #DIV/0! | M45: 0 | N45: 0 | O45: =M45/N45 -> #DIV/0! | P45: =O45/C45 -> #DIV/0! | Q45: 0 | R45: 0 | S45: =Q45/R45 -> #DIV/0! | T45: =S45/C45 -> #DIV/0! | U45: 0 | V45: 0 | W45: =U45/V45 -> #DIV/0! | X45: =W45/C45 -> #DIV/0! | Y45: 0 | Z45: 0 | AA45: =Y45/Z45 -> #DIV/0! | AB45: =AA45/C45 -> #DIV/0! | AC45: 13150 | AD45: 336 | AE45: =AC45/AD45 -> 39.136905 | AF45: =AE45/C45 -> 0.27359497 | AG45: 0 | AH45: 0 | AI45: =AG45/AH45 -> #DIV/0! | AJ45: =AI45/C45 -> #DIV/0! | AK45: 5270 | AL45: 364 | AM45: =AK45/AL45 -> 14.478022 | AN45: =AM45/C45 -> 0.10121173 | AO45: 0 | AP45: 0 | AQ45: =AO45/AP45 -> #DIV/0! | AR45: =AQ45/C45 -> #DIV/0! | AS45: 0 | AT45: 0 | AU45: =AS45/AT45 -> #DIV/0! | AV45: =AU45/C45 -> #DIV/0! | AW45: 0 | AX45: 0 | AY45: =AW45/AX45 -> #DIV/0! | AZ45: =AY45/C45 -> #DIV/0! | BA45: 0 | BB45: 0 | BC45: =BA45/BB45 -> #DIV/0! | BD45: =BC45/C45 -> #DIV/0!
A46: Excellent | B46: 125820 | C46: =B46/F37 -> 163.82812 | D46: 10950 | E46: 0 | F46: 0 | G46: =E46/F46 -> #DIV/0! | H46: =G46/C46 -> #DIV/0! | I46: 0 | J46: 0 | K46: =I46/J46 -> #DIV/0! | L46: =K46/C46 -> #DIV/0! | M46: 0 | N46: 0 | O46: =M46/N46 -> #DIV/0! | P46: =O46/C46 -> #DIV/0! | Q46: 0 | R46: 0 | S46: =Q46/R46 -> #DIV/0! | T46: =S46/C46 -> #DIV/0! | U46: 0 | V46: 0 | W46: =U46/V46 -> #DIV/0! | X46: =W46/C46 -> #DIV/0! | Y46: 0 | Z46: 0 | AA46: =Y46/Z46 -> #DIV/0! | AB46: =AA46/C46 -> #DIV/0! | AC46: 18650 | AD46: 336 | AE46: =AC46/AD46 -> 55.505952 | AF46: =AE46/C46 -> 0.338806 | AG46: 0 | AH46: 0 | AI46: =AG46/AH46 -> #DIV/0! | AJ46: =AI46/C46 -> #DIV/0! | AK46: 6020 | AL46: 364 | AM46: =AK46/AL46 -> 16.538462 | AN46: =AM46/C46 -> 0.10095008 | AO46: 0 | AP46: 0 | AQ46: =AO46/AP46 -> #DIV/0! | AR46: =AQ46/C46 -> #DIV/0! | AS46: 0 | AT46: 0 | AU46: =AS46/AT46 -> #DIV/0! | AV46: =AU46/C46 -> #DIV/0! | AW46: 0 | AX46: 0 | AY46: =AW46/AX46 -> #DIV/0! | AZ46: =AY46/C46 -> #DIV/0! | BA46: 0 | BB46: 0 | BC46: =BA46/BB46 -> #DIV/0! | BD46: =BC46/C46 -> #DIV/0!
C47: =AVERAGE(Table1104[MA $/Sq Ft]) -> 100.74591 | D47: =AVERAGE(Table1104[Basic Allowance]) -> 4442.8571 | H47: =AVERAGE(Table1104[Bsmt % Base]) -> #DIV/0! | L47: =AVERAGE(Table1104[[#Headers],[#Data],[UnfBsmt % Base]]) -> #DIV/0! | O47: =AVERAGE(Table1104[LowerVal/SqFt]) -> #DIV/0! | P47: =AVERAGE(Table1104[Lower % Base]) -> #DIV/0! | T47: =AVERAGE(Table1104[Unf Lower % Base]) -> #DIV/0! | X47: =AVERAGE(Table1104[1/2 Story % Base]) -> #DIV/0! | AB47: =AVERAGE(Table1104[2nd Story % Base]) -> #DIV/0! | AC47: =SUBTOTAL(101,Table1104[Att Gar Value]) -> 10841.429 | AE47: =AVERAGE(Table1104[AttGarVal/SqFt]) -> 32.266156 | AF47: =AVERAGE(Table1104[Att Gar % Base]) -> 0.32432889 | AJ47: =AVERAGE(Table1104[Porch % Base]) -> #DIV/0! | AN47: =AVERAGE(Table1104[Cov Porch % Base]) -> 0.11552679 | AR47: =AVERAGE(Table1104[Deck % Base]) -> #DIV/0! | AU47: =AVERAGE(Table1104[CovDeckVal/SqFt]) -> #DIV/0! | AV47: =AVERAGE(Table1104[CovDeck % Base]) -> #DIV/0! | AZ47: =AVERAGE(Table1104[CarP % Base]) -> #DIV/0! | BD47: =AVERAGE(Table1104[EFP % Base]) -> #DIV/0!
B49: Parcel ID: 107973060007010 | E49: Main area sq ft: | F49: 960 | H49: HT: 1 St | J49: Year Built: | K49: 1975
E50: Basement | I50: Unfinished Basement | M50: Lower | Q50: Unfinished Lower | U50: 1/2 Story | Y50: 2nd Story | AC50: Attached Garage | AG50: Porch | AK50: Covered Porch | AO50: Deck | AS50: Covered Deck | AW50: Carport | BA50: EFP/Sunroom
A51: Grade | B51: Main Area $ | C51: MA $/Sq Ft | D51: Basic Allowance | E51: BsmtVal | F51: Bsmt SqFt | G51: BsmtVal/Sq Ft | H51: Bsmt % Base | I51: UnfBsmtVal | J51: UnfBsmt Sq Ft | K51: UnfBsmtVal/SqFt | L51: UnfBsmt % Base | M51: Lower Value | N51: Lower Sq Ft | O51: LowerVal/SqFt | P51: Lower % Base | Q51: Unf Lower Value | R51: UnfLower Sq Ft | S51: UnfLowVal/SqFt2 | T51: Unf Lower % Base | U51: 1/2 Story Value | V51: 1/2 Story Sq Ft | W51: 1/2 StoryVal/SqFt | X51: 1/2 Story % Base | Y51: 2nd Story Value | Z51: 2nd Sty Sq Ft | AA51: 2ndStyVal/Sqft | AB51: 2nd Story % Base | AC51: Att Gar Value | AD51: Att Gar Sq Ft | AE51: AttGarVal/SqFt | AF51: Att Gar % Base | AG51: Porch Value | AH51: Porch Sq Ft | AI51: PorchVal/SqFt | AJ51: Porch % Base | AK51: Cov Porch Value | AL51: Cov Porch Sq Ft | AM51: CovPrVal/SqFt | AN51: Cov Porch % Base | AO51: Deck Value | AP51: Deck Sq Ft | AQ51: DeckVal/SqFt | AR51: Deck % Base | AS51: Cov Deck Value | AT51: CovDeck Sq Ft | AU51: CovDeckVal/SqFt | AV51: CovDeck % Base | AW51: CarP Value | AX51: CarP Sq Ft | AY51: CarPVal/SqFt | AZ51: CarP % Base | BA51: EFP Value | BB51: EFP Sq Ft | BC51: EFPVal/SqFt | BD51: EFP % Base
A52: Chp | B52: 50630 | C52: =B52/F49 -> 52.739583 | D52: 1525 | E52: 0 | F52: 0 | G52: =E52/F52 -> #DIV/0! | H52: =G52/C52 -> #DIV/0! | I52: 0 | J52: 0 | K52: =I52/J52 -> #DIV/0! | L52: =K52/C52 -> #DIV/0! | M52: 0 | N52: 0 | O52: =M52/N52 -> #DIV/0! | P52: =O52/C52 -> #DIV/0! | Q52: 0 | R52: 0 | S52: =Q52/R52 -> #DIV/0! | T52: =S52/C52 -> #DIV/0! | U52: 0 | V52: 0 | W52: =U52/V52 -> #DIV/0! | X52: =W52/C52 -> #DIV/0! | Y52: 0 | Z52: 0 | AA52: =Y52/Z52 -> #DIV/0! | AB52: =AA52/C52 -> #DIV/0! | AC52: 5570 | AD52: 336 | AE52: =AC52/AD52 -> 16.577381 | AF52: =AE52/C52 -> 0.31432522 | AG52: 0 | AH52: 0 | AI52: =AG52/AH52 -> #DIV/0! | AJ52: =AI52/C52 -> #DIV/0! | AK52: 0 | AL52: 0 | AM52: =AK52/AL52 -> #DIV/0! | AN52: =AM52/C52 -> #DIV/0! | AO52: 1750 | AP52: 250 | AQ52: =AO52/AP52 -> 7 | AR52: =AQ52/C52 -> 0.13272763 | AS52: 1560 | AT52: 96 | AU52: =AS52/AT52 -> 16.25 | AV52: =AU52/C52 -> 0.30811772 | AW52: 0 | AX52: 0 | AY52: =AW52/AX52 -> #DIV/0! | AZ52: =AY52/C52 -> #DIV/0! | BA52: 0 | BB52: 0 | BC52: =BA52/BB52 -> #DIV/0! | BD52: =BC52/C52 -> #DIV/0!
A53: Low | B53: 59560 | C53: =B53/F49 -> 62.041667 | D53: 1525 | E53: 0 | F53: 0 | G53: =E53/F53 -> #DIV/0! | H53: =G53/C53 -> #DIV/0! | I53: 0 | J53: 0 | K53: =I53/J53 -> #DIV/0! | L53: =K53/C53 -> #DIV/0! | M53: 0 | N53: 0 | O53: =M53/N53 -> #DIV/0! | P53: =O53/C53 -> #DIV/0! | Q53: 0 | R53: 0 | S53: =Q53/R53 -> #DIV/0! | T53: =S53/C53 -> #DIV/0! | U53: 0 | V53: 0 | W53: =U53/V53 -> #DIV/0! | X53: =W53/C53 -> #DIV/0! | Y53: 0 | Z53: 0 | AA53: =Y53/Z53 -> #DIV/0! | AB53: =AA53/C53 -> #DIV/0! | AC53: 7780 | AD53: 336 | AE53: =AC53/AD53 -> 23.154762 | AF53: =AE53/C53 -> 0.37321309 | AG53: 0 | AH53: 0 | AI53: =AG53/AH53 -> #DIV/0! | AJ53: =AI53/C53 -> #DIV/0! | AK53: 0 | AL53: 0 | AM53: =AK53/AL53 -> #DIV/0! | AN53: =AM53/C53 -> #DIV/0! | AO53: 2390 | AP53: 250 | AQ53: =AO53/AP53 -> 9.56 | AR53: =AQ53/C53 -> 0.15408999 | AS53: 2220 | AT53: 96 | AU53: =AS53/AT53 -> 23.125 | AV53: =AU53/C53 -> 0.37273338 | AW53: 0 | AX53: 0 | AY53: =AW53/AX53 -> #DIV/0! | AZ53: =AY53/C53 -> #DIV/0! | BA53: 0 | BB53: 0 | BC53: =BA53/BB53 -> #DIV/0! | BD53: =BC53/C53 -> #DIV/0!
A54: Fair | B54: 69750 | C54: =B54/F49 -> 72.65625 | D54: 2100 | E54: 0 | F54: 0 | G54: =E54/F54 -> #DIV/0! | H54: =G54/C54 -> #DIV/0! | I54: 0 | J54: 0 | K54: =I54/J54 -> #DIV/0! | L54: =K54/C54 -> #DIV/0! | M54: 0 | N54: 0 | O54: =M54/N54 -> #DIV/0! | P54: =O54/C54 -> #DIV/0! | Q54: 0 | R54: 0 | S54: =Q54/R54 -> #DIV/0! | T54: =S54/C54 -> #DIV/0! | U54: 0 | V54: 0 | W54: =U54/V54 -> #DIV/0! | X54: =W54/C54 -> #DIV/0! | Y54: 0 | Z54: 0 | AA54: =Y54/Z54 -> #DIV/0! | AB54: =AA54/C54 -> #DIV/0! | AC54: 9460 | AD54: 336 | AE54: =AC54/AD54 -> 28.154762 | AF54: =AE54/C54 -> 0.3875064 | AG54: 0 | AH54: 0 | AI54: =AG54/AH54 -> #DIV/0! | AJ54: =AI54/C54 -> #DIV/0! | AK54: 0 | AL54: 0 | AM54: =AK54/AL54 -> #DIV/0! | AN54: =AM54/C54 -> #DIV/0! | AO54: 2520 | AP54: 250 | AQ54: =AO54/AP54 -> 10.08 | AR54: =AQ54/C54 -> 0.13873548 | AS54: 2450 | AT54: 96 | AU54: =AS54/AT54 -> 25.520833 | AV54: =AU54/C54 -> 0.35125448 | AW54: 0 | AX54: 0 | AY54: =AW54/AX54 -> #DIV/0! | AZ54: =AY54/C54 -> #DIV/0! | BA54: 0 | BB54: 0 | BC54: =BA54/BB54 -> #DIV/0! | BD54: =BC54/C54 -> #DIV/0!
A55: Avg | B55: 84010 | C55: =B55/F49 -> 87.510417 | D55: 2700 | E55: 0 | F55: 0 | G55: =E55/F55 -> #DIV/0! | H55: =G55/C55 -> #DIV/0! | I55: 0 | J55: 0 | K55: =I55/J55 -> #DIV/0! | L55: =K55/C55 -> #DIV/0! | M55: 0 | N55: 0 | O55: =M55/N55 -> #DIV/0! | P55: =O55/C55 -> #DIV/0! | Q55: 0 | R55: 0 | S55: =Q55/R55 -> #DIV/0! | T55: =S55/C55 -> #DIV/0! | U55: 0 | V55: 0 | W55: =U55/V55 -> #DIV/0! | X55: =W55/C55 -> #DIV/0! | Y55: 0 | Z55: 0 | AA55: =Y55/Z55 -> #DIV/0! | AB55: =AA55/C55 -> #DIV/0! | AC55: 9920 | AD55: 336 | AE55: =AC55/AD55 -> 29.52381 | AF55: =AE55/C55 -> 0.3373748 | AG55: 0 | AH55: 0 | AI55: =AG55/AH55 -> #DIV/0! | AJ55: =AI55/C55 -> #DIV/0! | AK55: 0 | AL55: 0 | AM55: =AK55/AL55 -> #DIV/0! | AN55: =AM55/C55 -> #DIV/0! | AO55: 2640 | AP55: 250 | AQ55: =AO55/AP55 -> 10.56 | AR55: =AQ55/C55 -> 0.12067135 | AS55: 2890 | AT55: 96 | AU55: =AS55/AT55 -> 30.104167 | AV55: =AU55/C55 -> 0.34400667 | AW55: 0 | AX55: 0 | AY55: =AW55/AX55 -> #DIV/0! | AZ55: =AY55/C55 -> #DIV/0! | BA55: 0 | BB55: 0 | BC55: =BA55/BB55 -> #DIV/0! | BD55: =BC55/C55 -> #DIV/0!
A56: Good | B56: 104850 | C56: =B56/F49 -> 109.21875 | D56: 5250 | E56: 0 | F56: 0 | G56: =E56/F56 -> #DIV/0! | H56: =G56/C56 -> #DIV/0! | I56: 0 | J56: 0 | K56: =I56/J56 -> #DIV/0! | L56: =K56/C56 -> #DIV/0! | M56: 0 | N56: 0 | O56: =M56/N56 -> #DIV/0! | P56: =O56/C56 -> #DIV/0! | Q56: 0 | R56: 0 | S56: =Q56/R56 -> #DIV/0! | T56: =S56/C56 -> #DIV/0! | U56: 0 | V56: 0 | W56: =U56/V56 -> #DIV/0! | X56: =W56/C56 -> #DIV/0! | Y56: 0 | Z56: 0 | AA56: =Y56/Z56 -> #DIV/0! | AB56: =AA56/C56 -> #DIV/0! | AC56: 11360 | AD56: 336 | AE56: =AC56/AD56 -> 33.809524 | AF56: =AE56/C56 -> 0.30955787 | AG56: 0 | AH56: 0 | AI56: =AG56/AH56 -> #DIV/0! | AJ56: =AI56/C56 -> #DIV/0! | AK56: 0 | AL56: 0 | AM56: =AK56/AL56 -> #DIV/0! | AN56: =AM56/C56 -> #DIV/0! | AO56: 3500 | AP56: 250 | AQ56: =AO56/AP56 -> 14 | AR56: =AQ56/C56 -> 0.12818312 | AS56: 3420 | AT56: 96 | AU56: =AS56/AT56 -> 35.625 | AV56: =AU56/C56 -> 0.32618026 | AW56: 0 | AX56: 0 | AY56: =AW56/AX56 -> #DIV/0! | AZ56: =AY56/C56 -> #DIV/0! | BA56: 0 | BB56: 0 | BC56: =BA56/BB56 -> #DIV/0! | BD56: =BC56/C56 -> #DIV/0!
A57: VGood | B57: 137330 | C57: =B57/F49 -> 143.05208 | D57: 7050 | E57: 0 | F57: 0 | G57: =E57/F57 -> #DIV/0! | H57: =G57/C57 -> #DIV/0! | I57: 0 | J57: 0 | K57: =I57/J57 -> #DIV/0! | L57: =K57/C57 -> #DIV/0! | M57: 0 | N57: 0 | O57: =M57/N57 -> #DIV/0! | P57: =O57/C57 -> #DIV/0! | Q57: 0 | R57: 0 | S57: =Q57/R57 -> #DIV/0! | T57: =S57/C57 -> #DIV/0! | U57: 0 | V57: 0 | W57: =U57/V57 -> #DIV/0! | X57: =W57/C57 -> #DIV/0! | Y57: 0 | Z57: 0 | AA57: =Y57/Z57 -> #DIV/0! | AB57: =AA57/C57 -> #DIV/0! | AC57: 13150 | AD57: 336 | AE57: =AC57/AD57 -> 39.136905 | AF57: =AE57/C57 -> 0.273585 | AG57: 0 | AH57: 0 | AI57: =AG57/AH57 -> #DIV/0! | AJ57: =AI57/C57 -> #DIV/0! | AK57: 0 | AL57: 0 | AM57: =AK57/AL57 -> #DIV/0! | AN57: =AM57/C57 -> #DIV/0! | AO57: 4260 | AP57: 250 | AQ57: =AO57/AP57 -> 17.04 | AR57: =AQ57/C57 -> 0.11911745 | AS57: 3970 | AT57: 96 | AU57: =AS57/AT57 -> 41.354167 | AV57: =AU57/C57 -> 0.28908469 | AW57: 0 | AX57: 0 | AY57: =AW57/AX57 -> #DIV/0! | AZ57: =AY57/C57 -> #DIV/0! | BA57: 0 | BB57: 0 | BC57: =BA57/BB57 -> #DIV/0! | BD57: =BC57/C57 -> #DIV/0!
A58: Excellent | B58: 157280 | C58: =B58/F49 -> 163.83333 | D58: 10950 | E58: 0 | F58: 0 | G58: =E58/F58 -> #DIV/0! | H58: =G58/C58 -> #DIV/0! | I58: 0 | J58: 0 | K58: =I58/J58 -> #DIV/0! | L58: =K58/C58 -> #DIV/0! | M58: 0 | N58: 0 | O58: =M58/N58 -> #DIV/0! | P58: =O58/C58 -> #DIV/0! | Q58: 0 | R58: 0 | S58: =Q58/R58 -> #DIV/0! | T58: =S58/C58 -> #DIV/0! | U58: 0 | V58: 0 | W58: =U58/V58 -> #DIV/0! | X58: =W58/C58 -> #DIV/0! | Y58: 0 | Z58: 0 | AA58: =Y58/Z58 -> #DIV/0! | AB58: =AA58/C58 -> #DIV/0! | AC58: 18650 | AD58: 336 | AE58: =AC58/AD58 -> 55.505952 | AF58: =AE58/C58 -> 0.33879523 | AG58: 0 | AH58: 0 | AI58: =AG58/AH58 -> #DIV/0! | AJ58: =AI58/C58 -> #DIV/0! | AK58: 0 | AL58: 0 | AM58: =AK58/AL58 -> #DIV/0! | AN58: =AM58/C58 -> #DIV/0! | AO58: 4550 | AP58: 250 | AQ58: =AO58/AP58 -> 18.2 | AR58: =AQ58/C58 -> 0.1110885 | AS58: 4510 | AT58: 96 | AU58: =AS58/AT58 -> 46.979167 | AV58: =AU58/C58 -> 0.28674975 | AW58: 0 | AX58: 0 | AY58: =AW58/AX58 -> #DIV/0! | AZ58: =AY58/C58 -> #DIV/0! | BA58: 0 | BB58: 0 | BC58: =BA58/BB58 -> #DIV/0! | BD58: =BC58/C58 -> #DIV/0!
C59: =AVERAGE(Table1105[MA $/Sq Ft]) -> 98.721726 | D59: =AVERAGE(Table1105[Basic Allowance]) -> 4442.8571 | H59: =AVERAGE(Table1105[Bsmt % Base]) -> #DIV/0! | L59: =AVERAGE(Table1105[[#Headers],[#Data],[UnfBsmt % Base]]) -> #DIV/0! | O59: =AVERAGE(Table1105[LowerVal/SqFt]) -> #DIV/0! | P59: =AVERAGE(Table1105[Lower % Base]) -> #DIV/0! | T59: =AVERAGE(Table1105[Unf Lower % Base]) -> #DIV/0! | X59: =AVERAGE(Table1105[1/2 Story % Base]) -> #DIV/0! | AB59: =AVERAGE(Table1105[2nd Story % Base]) -> #DIV/0! | AC59: =SUBTOTAL(101,Table1105[Att Gar Value]) -> 10841.429 | AE59: =AVERAGE(Table1105[AttGarVal/SqFt]) -> 32.266156 | AF59: =AVERAGE(Table1105[Att Gar % Base]) -> 0.33347966 | AJ59: =AVERAGE(Table1105[Porch % Base]) -> #DIV/0! | AN59: =AVERAGE(Table1105[Cov Porch % Base]) -> #DIV/0! | AO59: =SUBTOTAL(101,Table1105[Deck Value]) -> 3087.1429 | AR59: =AVERAGE(Table1105[Deck % Base]) -> 0.12923051 | AS59: =SUBTOTAL(101,Table1105[Cov Deck Value]) -> 3002.8571 | AU59: =AVERAGE(Table1105[CovDeckVal/SqFt]) -> 31.279762 | AV59: =AVERAGE(Table1105[CovDeck % Base]) -> 0.3254467 | AZ59: =AVERAGE(Table1105[CarP % Base]) -> #DIV/0! | BD59: =AVERAGE(Table1105[EFP % Base]) -> #DIV/0!
B61: Parcel ID: 125082030001004 | E61: Main area sq ft: | F61: 1821 | H61: HT: 2 St w/Bsmt | J61: Year Built: | K61: 1979
E62: Basement | I62: Unfinished Basement | M62: Lower | Q62: Unfinished Lower | U62: 1/2 Story | Y62: 2nd Story | AC62: Attached Garage | AG62: Porch | AK62: Covered Porch | AO62: Deck | AS62: Covered Deck | AW62: Carport | BA62: EFP/Sunroom
A63: Grade | B63: Main Area $ | C63: MA $/Sq Ft | D63: Basic Allowance | E63: BsmtVal | F63: Bsmt SqFt | G63: BsmtVal/Sq Ft | H63: Bsmt % Base | I63: UnfBsmtVal | J63: UnfBsmt Sq Ft | K63: UnfBsmtVal/SqFt | L63: UnfBsmt % Base | M63: Lower Value | N63: Lower Sq Ft | O63: LowerVal/SqFt | P63: Lower % Base | Q63: Unf Lower Value | R63: UnfLower Sq Ft | S63: UnfLowVal/SqFt2 | T63: Unf Lower % Base | U63: 1/2 Story Value | V63: 1/2 Story Sq Ft | W63: 1/2 StoryVal/SqFt | X63: 1/2 Story % Base | Y63: 2nd Story Value | Z63: 2nd Sty Sq Ft | AA63: 2ndStyVal/Sqft | AB63: 2nd Story % Base | AC63: Att Gar Value | AD63: Att Gar Sq Ft | AE63: AttGarVal/SqFt | AF63: Att Gar % Base | AG63: Porch Value | AH63: Porch Sq Ft | AI63: PorchVal/SqFt | AJ63: Porch % Base | AK63: Cov Porch Value | AL63: Cov Porch Sq Ft | AM63: CovPrVal/SqFt | AN63: Cov Porch % Base | AO63: Deck Value | AP63: Deck Sq Ft | AQ63: DeckVal/SqFt | AR63: Deck % Base | AS63: Cov Deck Value | AT63: CovDeck Sq Ft | AU63: CovDeckVal/SqFt | AV63: CovDeck % Base | AW63: CarP Value | AX63: CarP Sq Ft | AY63: CarPVal/SqFt | AZ63: CarP % Base | BA63: EFP Value | BB63: EFP Sq Ft | BC63: EFPVal/SqFt | BD63: EFP % Base
A64: Chp | B64: 87120 | C64: =B64/F61 -> 47.841845 | D64: 1525 | E64: 24240 | F64: 988 | G64: =E64/F64 -> 24.534413 | H64: =G64/C64 -> 0.5128233 | I64: 0 | J64: 0 | K64: =I64/J64 -> #DIV/0! | L64: =K64/C64 -> #DIV/0! | M64: 0 | N64: 0 | O64: =M64/N64 -> #DIV/0! | P64: =O64/C64 -> #DIV/0! | Q64: 0 | R64: 0 | S64: =Q64/R64 -> #DIV/0! | T64: =S64/C64 -> #DIV/0! | U64: 0 | V64: 0 | W64: =U64/V64 -> #DIV/0! | X64: =W64/C64 -> #DIV/0! | Y64: 59140 | Z64: 1735 | AA64: =Y64/Z64 -> 34.086455 | AB64: =AA64/C64 -> 0.71248204 | AC64: 16510 | AD64: 1068 | AE64: =AC64/AD64 -> 15.458801 | AF64: =AE64/C64 -> 0.32312302 | AG64: 0 | AH64: 0 | AI64: =AG64/AH64 -> #DIV/0! | AJ64: =AI64/C64 -> #DIV/0! | AK64: 0 | AL64: 0 | AM64: =AK64/AL64 -> #DIV/0! | AN64: =AM64/C64 -> #DIV/0! | AO64: 5030 | AP64: 524 | AQ64: =AO64/AP64 -> 9.5992366 | AR64: =AQ64/C64 -> 0.2006452 | AS64: 2350 | AT64: 224 | AU64: =AS64/AT64 -> 10.491071 | AV64: =AU64/C64 -> 0.21928651 | AW64: 0 | AX64: 0 | AY64: =AW64/AX64 -> #DIV/0! | AZ64: =AY64/C64 -> #DIV/0! | BA64: 0 | BB64: 0 | BC64: =BA64/BB64 -> #DIV/0! | BD64: =BC64/C64 -> #DIV/0!
A65: Low | B65: 102480 | C65: =B65/F61 -> 56.276771 | D65: 1525 | E65: 32480 | F65: 988 | G65: =E65/F65 -> 32.874494 | H65: =G65/C65 -> 0.58415743 | I65: 0 | J65: 0 | K65: =I65/J65 -> #DIV/0! | L65: =K65/C65 -> #DIV/0! | M65: 0 | N65: 0 | O65: =M65/N65 -> #DIV/0! | P65: =O65/C65 -> #DIV/0! | Q65: 0 | R65: 0 | S65: =Q65/R65 -> #DIV/0! | T65: =S65/C65 -> #DIV/0! | U65: 0 | V65: 0 | W65: =U65/V65 -> #DIV/0! | X65: =W65/C65 -> #DIV/0! | Y65: 80430 | Z65: 1735 | AA65: =Y65/Z65 -> 46.357349 | AB65: =AA65/C65 -> 0.8237386 | AC65: 22430 | AD65: 1068 | AE65: =AC65/AD65 -> 21.001873 | AF65: =AE65/C65 -> 0.37318901 | AG65: 0 | AH65: 0 | AI65: =AG65/AH65 -> #DIV/0! | AJ65: =AI65/C65 -> #DIV/0! | AK65: 0 | AL65: 0 | AM65: =AK65/AL65 -> #DIV/0! | AN65: =AM65/C65 -> #DIV/0! | AO65: 7070 | AP65: 524 | AQ65: =AO65/AP65 -> 13.492366 | AR65: =AQ65/C65 -> 0.23975019 | AS65: 3440 | AT65: 224 | AU65: =AS65/AT65 -> 15.357143 | AV65: =AU65/C65 -> 0.272886 | AW65: 0 | AX65: 0 | AY65: =AW65/AX65 -> #DIV/0! | AZ65: =AY65/C65 -> #DIV/0! | BA65: 0 | BB65: 0 | BC65: =BA65/BB65 -> #DIV/0! | BD65: =BC65/C65 -> #DIV/0!
A66: Fair | B66: 119530 | C66: =B66/F61 -> 65.639758 | D66: 2100 | E66: 37110 | F66: 988 | G66: =E66/F66 -> 37.560729 | H66: =G66/C66 -> 0.57222527 | I66: 0 | J66: 0 | K66: =I66/J66 -> #DIV/0! | L66: =K66/C66 -> #DIV/0! | M66: 0 | N66: 0 | O66: =M66/N66 -> #DIV/0! | P66: =O66/C66 -> #DIV/0! | Q66: 0 | R66: 0 | S66: =Q66/R66 -> #DIV/0! | T66: =S66/C66 -> #DIV/0! | U66: 0 | V66: 0 | W66: =U66/V66 -> #DIV/0! | X66: =W66/C66 -> #DIV/0! | Y66: 92110 | Z66: 1735 | AA66: =Y66/Z66 -> 53.089337 | AB66: =AA66/C66 -> 0.80879849 | AC66: 28140 | AD66: 1068 | AE66: =AC66/AD66 -> 26.348315 | AF66: =AE66/C66 -> 0.40140785 | AG66: 0 | AH66: 0 | AI66: =AG66/AH66 -> #DIV/0! | AJ66: =AI66/C66 -> #DIV/0! | AK66: 0 | AL66: 0 | AM66: =AK66/AL66 -> #DIV/0! | AN66: =AM66/C66 -> #DIV/0! | AO66: 7350 | AP66: 524 | AQ66: =AO66/AP66 -> 14.026718 | AR66: =AQ66/C66 -> 0.2136924 | AS66: 3650 | AT66: 224 | AU66: =AS66/AT66 -> 16.294643 | AV66: =AU66/C66 -> 0.24824349 | AW66: 0 | AX66: 0 | AY66: =AW66/AX66 -> #DIV/0! | AZ66: =AY66/C66 -> #DIV/0! | BA66: 0 | BB66: 0 | BC66: =BA66/BB66 -> #DIV/0! | BD66: =BC66/C66 -> #DIV/0!
A67: Avg | B67: 144980 | C67: =B67/F61 -> 79.615596 | D67: 2700 | E67: 42660 | F67: 988 | G67: =E67/F67 -> 43.178138 | H67: =G67/C67 -> 0.54233266 | I67: 0 | J67: 0 | K67: =I67/J67 -> #DIV/0! | L67: =K67/C67 -> #DIV/0! | M67: 0 | N67: 0 | O67: =M67/N67 -> #DIV/0! | P67: =O67/C67 -> #DIV/0! | Q67: 0 | R67: 0 | S67: =Q67/R67 -> #DIV/0! | T67: =S67/C67 -> #DIV/0! | U67: 0 | V67: 0 | W67: =U67/V67 -> #DIV/0! | X67: =W67/C67 -> #DIV/0! | Y67: 104270 | Z67: 1735 | AA67: =Y67/Z67 -> 60.097983 | AB67: =AA67/C67 -> 0.75485189 | AC67: 29930 | AD67: 1068 | AE67: =AC67/AD67 -> 28.024345 | AF67: =AE67/C67 -> 0.35199566 | AG67: 0 | AH67: 0 | AI67: =AG67/AH67 -> #DIV/0! | AJ67: =AI67/C67 -> #DIV/0! | AK67: 0 | AL67: 0 | AM67: =AK67/AL67 -> #DIV/0! | AN67: =AM67/C67 -> #DIV/0! | AO67: 7630 | AP67: 524 | AQ67: =AO67/AP67 -> 14.561069 | AR67: =AQ67/C67 -> 0.18289217 | AS67: 3870 | AT67: 224 | AU67: =AS67/AT67 -> 17.276786 | AV67: =AU67/C67 -> 0.21700253 | AW67: 0 | AX67: 0 | AY67: =AW67/AX67 -> #DIV/0! | AZ67: =AY67/C67 -> #DIV/0! | BA67: 0 | BB67: 0 | BC67: =BA67/BB67 -> #DIV/0! | BD67: =BC67/C67 -> #DIV/0!
A68: Good | B68: 179340 | C68: =B68/F61 -> 98.484349 | D68: 5250 | E68: 60890 | F68: 988 | G68: =E68/F68 -> 61.629555 | H68: =G68/C68 -> 0.62578019 | I68: 0 | J68: 0 | K68: =I68/J68 -> #DIV/0! | L68: =K68/C68 -> #DIV/0! | M68: 0 | N68: 0 | O68: =M68/N68 -> #DIV/0! | P68: =O68/C68 -> #DIV/0! | Q68: 0 | R68: 0 | S68: =Q68/R68 -> #DIV/0! | T68: =S68/C68 -> #DIV/0! | U68: 0 | V68: 0 | W68: =U68/V68 -> #DIV/0! | X68: =W68/C68 -> #DIV/0! | Y68: 133050 | Z68: 1735 | AA68: =Y68/Z68 -> 76.685879 | AB68: =AA68/C68 -> 0.77866056 | AC68: 34080 | AD68: 1068 | AE68: =AC68/AD68 -> 31.910112 | AF68: =AE68/C68 -> 0.32401201 | AG68: 0 | AH68: 0 | AI68: =AG68/AH68 -> #DIV/0! | AJ68: =AI68/C68 -> #DIV/0! | AK68: 0 | AL68: 0 | AM68: =AK68/AL68 -> #DIV/0! | AN68: =AM68/C68 -> #DIV/0! | AO68: 9500 | AP68: 524 | AQ68: =AO68/AP68 -> 18.129771 | AR68: =AQ68/C68 -> 0.18408784 | AS68: 4920 | AT68: 224 | AU68: =AS68/AT68 -> 21.964286 | AV68: =AU68/C68 -> 0.22302311 | AW68: 0 | AX68: 0 | AY68: =AW68/AX68 -> #DIV/0! | AZ68: =AY68/C68 -> #DIV/0! | BA68: 0 | BB68: 0 | BC68: =BA68/BB68 -> #DIV/0! | BD68: =BC68/C68 -> #DIV/0!
A69: VGood | B69: 238380 | C69: =B69/F61 -> 130.9061 | D69: 7050 | E69: 68770 | F69: 988 | G69: =E69/F69 -> 69.605263 | H69: =G69/C69 -> 0.53171904 | I69: 0 | J69: 0 | K69: =I69/J69 -> #DIV/0! | L69: =K69/C69 -> #DIV/0! | M69: 0 | N69: 0 | O69: =M69/N69 -> #DIV/0! | P69: =O69/C69 -> #DIV/0! | Q69: 0 | R69: 0 | S69: =Q69/R69 -> #DIV/0! | T69: =S69/C69 -> #DIV/0! | U69: 0 | V69: 0 | W69: =U69/V69 -> #DIV/0! | X69: =W69/C69 -> #DIV/0! | Y69: 181500 | Z69: 1735 | AA69: =Y69/Z69 -> 104.61095 | AB69: =AA69/C69 -> 0.79912972 | AC69: 38170 | AD69: 1068 | AE69: =AC69/AD69 -> 35.7397 | AF69: =AE69/C69 -> 0.27301785 | AG69: 0 | AH69: 0 | AI69: =AG69/AH69 -> #DIV/0! | AJ69: =AI69/C69 -> #DIV/0! | AK69: 0 | AL69: 0 | AM69: =AK69/AL69 -> #DIV/0! | AN69: =AM69/C69 -> #DIV/0! | AO69: 11180 | AP69: 524 | AQ69: =AO69/AP69 -> 21.335878 | AR69: =AQ69/C69 -> 0.16298613 | AS69: 5350 | AT69: 224 | AU69: =AS69/AT69 -> 23.883929 | AV69: =AU69/C69 -> 0.18245085 | AW69: 0 | AX69: 0 | AY69: =AW69/AX69 -> #DIV/0! | AZ69: =AY69/C69 -> #DIV/0! | BA69: 0 | BB69: 0 | BC69: =BA69/BB69 -> #DIV/0! | BD69: =BC69/C69 -> #DIV/0!
A70: Excellent | B70: 290340 | C70: =B70/F61 -> 159.43987 | D70: 10950 | E70: 83790 | F70: 988 | G70: =E70/F70 -> 84.807692 | H70: =G70/C70 -> 0.5319102 | I70: 0 | J70: 0 | K70: =I70/J70 -> #DIV/0! | L70: =K70/C70 -> #DIV/0! | M70: 0 | N70: 0 | O70: =M70/N70 -> #DIV/0! | P70: =O70/C70 -> #DIV/0! | Q70: 0 | R70: 0 | S70: =Q70/R70 -> #DIV/0! | T70: =S70/C70 -> #DIV/0! | U70: 0 | V70: 0 | W70: =U70/V70 -> #DIV/0! | X70: =W70/C70 -> #DIV/0! | Y70: 213130 | Z70: 1735 | AA70: =Y70/Z70 -> 122.8415 | AB70: =AA70/C70 -> 0.7704566 | AC70: 54720 | AD70: 1068 | AE70: =AC70/AD70 -> 51.235955 | AF70: =AE70/C70 -> 0.32134971 | AG70: 0 | AH70: 0 | AI70: =AG70/AH70 -> #DIV/0! | AJ70: =AI70/C70 -> #DIV/0! | AK70: 0 | AL70: 0 | AM70: =AK70/AL70 -> #DIV/0! | AN70: =AM70/C70 -> #DIV/0! | AO70: 11860 | AP70: 524 | AQ70: =AO70/AP70 -> 22.633588 | AR70: =AQ70/C70 -> 0.14195689 | AS70: 5630 | AT70: 224 | AU70: =AS70/AT70 -> 25.133929 | AV70: =AU70/C70 -> 0.15763892 | AW70: 0 | AX70: 0 | AY70: =AW70/AX70 -> #DIV/0! | AZ70: =AY70/C70 -> #DIV/0! | BA70: 0 | BB70: 0 | BC70: =BA70/BB70 -> #DIV/0! | BD70: =BC70/C70 -> #DIV/0!
C71: =AVERAGE(Table1106[MA $/Sq Ft]) -> 91.17204 | D71: =AVERAGE(Table1106[Basic Allowance]) -> 4442.8571 | H71: =AVERAGE(Table1106[Bsmt % Base]) -> 0.5572783 | L71: =AVERAGE(Table1106[[#Headers],[#Data],[UnfBsmt % Base]]) -> #DIV/0! | O71: =AVERAGE(Table1106[LowerVal/SqFt]) -> #DIV/0! | P71: =AVERAGE(Table1106[Lower % Base]) -> #DIV/0! | T71: =AVERAGE(Table1106[Unf Lower % Base]) -> #DIV/0! | X71: =AVERAGE(Table1106[1/2 Story % Base]) -> #DIV/0! | AB71: =AVERAGE(Table1106[2nd Story % Base]) -> 0.77830256 | AE71: =AVERAGE(Table1106[AttGarVal/SqFt]) -> 29.959872 | AF71: =AVERAGE(Table1106[Att Gar % Base]) -> 0.3382993 | AJ71: =AVERAGE(Table1106[Porch % Base]) -> #DIV/0! | AN71: =AVERAGE(Table1106[Cov Porch % Base]) -> #DIV/0! | AR71: =AVERAGE(Table1106[Deck % Base]) -> 0.18943012 | AU71: =AVERAGE(Table1106[CovDeckVal/SqFt]) -> 18.628827 | AV71: =AVERAGE(Table1106[CovDeck % Base]) -> 0.21721877 | AZ71: =AVERAGE(Table1106[CarP % Base]) -> #DIV/0! | BD71: =AVERAGE(Table1106[EFP % Base]) -> #DIV/0!
B73: Parcel ID: 101891030004020 | E73: Main area sq ft: | F73: 1120 | H73: HT: 1 St | J73: Year Built: | K73: 1907
E74: Basement | I74: Unfinished Basement | M74: Lower | Q74: Unfinished Lower | U74: 1/2 Story | Y74: 2nd Story | AC74: Attached Garage | AG74: Porch | AK74: Covered Porch | AO74: Deck | AS74: Covered Deck | AW74: Carport | BA74: EFP/Sunroom
A75: Grade | B75: Main Area $ | C75: MA $/Sq Ft | D75: Basic Allowance | E75: BsmtVal | F75: Bsmt SqFt | G75: BsmtVal/Sq Ft | H75: Bsmt % Base | I75: UnfBsmtVal | J75: UnfBsmt Sq Ft | K75: UnfBsmtVal/SqFt | L75: UnfBsmt % Base | M75: Lower Value | N75: Lower Sq Ft | O75: LowerVal/SqFt | P75: Lower % Base | Q75: Unf Lower Value | R75: UnfLower Sq Ft | S75: UnfLowVal/SqFt2 | T75: Unf Lower % Base | U75: 1/2 Story Value | V75: 1/2 Story Sq Ft | W75: 1/2 StoryVal/SqFt | X75: 1/2 Story % Base | Y75: 2nd Story Value | Z75: 2nd Sty Sq Ft | AA75: 2ndStyVal/Sqft | AB75: 2nd Story % Base | AC75: Att Gar Value | AD75: Att Gar Sq Ft | AE75: AttGarVal/SqFt | AF75: Att Gar % Base | AG75: Porch Value | AH75: Porch Sq Ft | AI75: PorchVal/SqFt | AJ75: Porch % Base | AK75: Cov Porch Value | AL75: Cov Porch Sq Ft | AM75: CovPrVal/SqFt | AN75: Cov Porch % Base | AO75: Deck Value | AP75: Deck Sq Ft | AQ75: DeckVal/SqFt | AR75: Deck % Base | AS75: Cov Deck Value | AT75: CovDeck Sq Ft | AU75: CovDeckVal/SqFt | AV75: CovDeck % Base | AW75: CarP Value | AX75: CarP Sq Ft | AY75: CarPVal/SqFt | AZ75: CarP % Base | BA75: EFP Value | BB75: EFP Sq Ft | BC75: EFPVal/SqFt | BD75: EFP % Base
A76: Chp | B76: 57530 | C76: =B76/F73 -> 51.366071 | D76: 1525 | E76: 0 | F76: 0 | G76: =E76/F76 -> #DIV/0! | H76: =G76/C76 -> #DIV/0! | I76: 0 | J76: 0 | K76: =I76/J76 -> #DIV/0! | L76: =K76/C76 -> #DIV/0! | M76: 0 | N76: 0 | O76: =M76/N76 -> #DIV/0! | P76: =O76/C76 -> #DIV/0! | Q76: 0 | R76: 0 | S76: =Q76/R76 -> #DIV/0! | T76: =S76/C76 -> #DIV/0! | U76: 0 | V76: 0 | W76: =U76/V76 -> #DIV/0! | X76: =W76/C76 -> #DIV/0! | Y76: 0 | Z76: 0 | AA76: =Y76/Z76 -> #DIV/0! | AB76: =AA76/C76 -> #DIV/0! | AC76: 0 | AD76: 0 | AE76: =AC76/AD76 -> #DIV/0! | AF76: =AE76/C76 -> #DIV/0! | AG76: 0 | AH76: 0 | AI76: =AG76/AH76 -> #DIV/0! | AJ76: =AI76/C76 -> #DIV/0! | AK76: 0 | AL76: 0 | AM76: =AK76/AL76 -> #DIV/0! | AN76: =AM76/C76 -> #DIV/0! | AO76: 0 | AP76: 0 | AQ76: =AO76/AP76 -> #DIV/0! | AR76: =AQ76/C76 -> #DIV/0! | AS76: 2340 | AT76: 158 | AU76: =AS76/AT76 -> 14.810127 | AV76: =AU76/C76 -> 0.28832508 | AW76: 0 | AX76: 0 | AY76: =AW76/AX76 -> #DIV/0! | AZ76: =AY76/C76 -> #DIV/0! | BA76: 3220 | BB76: 130 | BC76: =BA76/BB76 -> 24.769231 | BD76: =BC76/C76 -> 0.48220995
A77: Low | B77: 67680 | C77: =B77/F73 -> 60.428571 | D77: 1525 | E77: 0 | F77: 0 | G77: =E77/F77 -> #DIV/0! | H77: =G77/C77 -> #DIV/0! | I77: 0 | J77: 0 | K77: =I77/J77 -> #DIV/0! | L77: =K77/C77 -> #DIV/0! | M77: 0 | N77: 0 | O77: =M77/N77 -> #DIV/0! | P77: =O77/C77 -> #DIV/0! | Q77: 0 | R77: 0 | S77: =Q77/R77 -> #DIV/0! | T77: =S77/C77 -> #DIV/0! | U77: 0 | V77: 0 | W77: =U77/V77 -> #DIV/0! | X77: =W77/C77 -> #DIV/0! | Y77: 0 | Z77: 0 | AA77: =Y77/Z77 -> #DIV/0! | AB77: =AA77/C77 -> #DIV/0! | AC77: 0 | AD77: 0 | AE77: =AC77/AD77 -> #DIV/0! | AF77: =AE77/C77 -> #DIV/0! | AG77: 0 | AH77: 0 | AI77: =AG77/AH77 -> #DIV/0! | AJ77: =AI77/C77 -> #DIV/0! | AK77: 0 | AL77: 0 | AM77: =AK77/AL77 -> #DIV/0! | AN77: =AM77/C77 -> #DIV/0! | AO77: 0 | AP77: 0 | AQ77: =AO77/AP77 -> #DIV/0! | AR77: =AQ77/C77 -> #DIV/0! | AS77: 3300 | AT77: 158 | AU77: =AS77/AT77 -> 20.886076 | AV77: =AU77/C77 -> 0.34563246 | AW77: 0 | AX77: 0 | AY77: =AW77/AX77 -> #DIV/0! | AZ77: =AY77/C77 -> #DIV/0! | BA77: 4730 | BB77: 130 | BC77: =BA77/BB77 -> 36.384615 | BD77: =BC77/C77 -> 0.60210947
A78: Fair | B78: 79190 | C78: =B78/F73 -> 70.705357 | D78: 2100 | E78: 0 | F78: 0 | G78: =E78/F78 -> #DIV/0! | H78: =G78/C78 -> #DIV/0! | I78: 0 | J78: 0 | K78: =I78/J78 -> #DIV/0! | L78: =K78/C78 -> #DIV/0! | M78: 0 | N78: 0 | O78: =M78/N78 -> #DIV/0! | P78: =O78/C78 -> #DIV/0! | Q78: 0 | R78: 0 | S78: =Q78/R78 -> #DIV/0! | T78: =S78/C78 -> #DIV/0! | U78: 0 | V78: 0 | W78: =U78/V78 -> #DIV/0! | X78: =W78/C78 -> #DIV/0! | Y78: 0 | Z78: 0 | AA78: =Y78/Z78 -> #DIV/0! | AB78: =AA78/C78 -> #DIV/0! | AC78: 0 | AD78: 0 | AE78: =AC78/AD78 -> #DIV/0! | AF78: =AE78/C78 -> #DIV/0! | AG78: 0 | AH78: 0 | AI78: =AG78/AH78 -> #DIV/0! | AJ78: =AI78/C78 -> #DIV/0! | AK78: 0 | AL78: 0 | AM78: =AK78/AL78 -> #DIV/0! | AN78: =AM78/C78 -> #DIV/0! | AO78: 0 | AP78: 0 | AQ78: =AO78/AP78 -> #DIV/0! | AR78: =AQ78/C78 -> #DIV/0! | AS78: 3670 | AT78: 158 | AU78: =AS78/AT78 -> 23.227848 | AV78: =AU78/C78 -> 0.3285161 | AW78: 0 | AX78: 0 | AY78: =AW78/AX78 -> #DIV/0! | AZ78: =AY78/C78 -> #DIV/0! | BA78: 5310 | BB78: 130 | BC78: =BA78/BB78 -> 40.846154 | BD78: =BC78/C78 -> 0.57769532
A79: Avg | B79: 95600 | C79: =B79/F73 -> 85.357143 | D79: 2700 | E79: 0 | F79: 0 | G79: =E79/F79 -> #DIV/0! | H79: =G79/C79 -> #DIV/0! | I79: 0 | J79: 0 | K79: =I79/J79 -> #DIV/0! | L79: =K79/C79 -> #DIV/0! | M79: 0 | N79: 0 | O79: =M79/N79 -> #DIV/0! | P79: =O79/C79 -> #DIV/0! | Q79: 0 | R79: 0 | S79: =Q79/R79 -> #DIV/0! | T79: =S79/C79 -> #DIV/0! | U79: 0 | V79: 0 | W79: =U79/V79 -> #DIV/0! | X79: =W79/C79 -> #DIV/0! | Y79: 0 | Z79: 0 | AA79: =Y79/Z79 -> #DIV/0! | AB79: =AA79/C79 -> #DIV/0! | AC79: 0 | AD79: 0 | AE79: =AC79/AD79 -> #DIV/0! | AF79: =AE79/C79 -> #DIV/0! | AG79: 0 | AH79: 0 | AI79: =AG79/AH79 -> #DIV/0! | AJ79: =AI79/C79 -> #DIV/0! | AK79: 0 | AL79: 0 | AM79: =AK79/AL79 -> #DIV/0! | AN79: =AM79/C79 -> #DIV/0! | AO79: 0 | AP79: 0 | AQ79: =AO79/AP79 -> #DIV/0! | AR79: =AQ79/C79 -> #DIV/0! | AS79: 4370 | AT79: 158 | AU79: =AS79/AT79 -> 27.658228 | AV79: =AU79/C79 -> 0.32402945 | AW79: 0 | AX79: 0 | AY79: =AW79/AX79 -> #DIV/0! | AZ79: =AY79/C79 -> #DIV/0! | BA79: 6230 | BB79: 130 | BC79: =BA79/BB79 -> 47.923077 | BD79: =BC79/C79 -> 0.56144191
A80: Good | B80: 119260 | C80: =B80/F73 -> 106.48214 | D80: 5250 | E80: 0 | F80: 0 | G80: =E80/F80 -> #DIV/0! | H80: =G80/C80 -> #DIV/0! | I80: 0 | J80: 0 | K80: =I80/J80 -> #DIV/0! | L80: =K80/C80 -> #DIV/0! | M80: 0 | N80: 0 | O80: =M80/N80 -> #DIV/0! | P80: =O80/C80 -> #DIV/0! | Q80: 0 | R80: 0 | S80: =Q80/R80 -> #DIV/0! | T80: =S80/C80 -> #DIV/0! | U80: 0 | V80: 0 | W80: =U80/V80 -> #DIV/0! | X80: =W80/C80 -> #DIV/0! | Y80: 0 | Z80: 0 | AA80: =Y80/Z80 -> #DIV/0! | AB80: =AA80/C80 -> #DIV/0! | AC80: 0 | AD80: 0 | AE80: =AC80/AD80 -> #DIV/0! | AF80: =AE80/C80 -> #DIV/0! | AG80: 0 | AH80: 0 | AI80: =AG80/AH80 -> #DIV/0! | AJ80: =AI80/C80 -> #DIV/0! | AK80: 0 | AL80: 0 | AM80: =AK80/AL80 -> #DIV/0! | AN80: =AM80/C80 -> #DIV/0! | AO80: 0 | AP80: 0 | AQ80: =AO80/AP80 -> #DIV/0! | AR80: =AQ80/C80 -> #DIV/0! | AS80: 5180 | AT80: 158 | AU80: =AS80/AT80 -> 32.78481 | AV80: =AU80/C80 -> 0.30789022 | AW80: 0 | AX80: 0 | AY80: =AW80/AX80 -> #DIV/0! | AZ80: =AY80/C80 -> #DIV/0! | BA80: 7770 | BB80: 130 | BC80: =BA80/BB80 -> 59.769231 | BD80: =BC80/C80 -> 0.56130755
A81: VGood | B81: 156940 | C81: =B81/F73 -> 140.125 | D81: 7050 | E81: 0 | F81: 0 | G81: =E81/F81 -> #DIV/0! | H81: =G81/C81 -> #DIV/0! | I81: 0 | J81: 0 | K81: =I81/J81 -> #DIV/0! | L81: =K81/C81 -> #DIV/0! | M81: 0 | N81: 0 | O81: =M81/N81 -> #DIV/0! | P81: =O81/C81 -> #DIV/0! | Q81: 0 | R81: 0 | S81: =Q81/R81 -> #DIV/0! | T81: =S81/C81 -> #DIV/0! | U81: 0 | V81: 0 | W81: =U81/V81 -> #DIV/0! | X81: =W81/C81 -> #DIV/0! | Y81: 0 | Z81: 0 | AA81: =Y81/Z81 -> #DIV/0! | AB81: =AA81/C81 -> #DIV/0! | AC81: 0 | AD81: 0 | AE81: =AC81/AD81 -> #DIV/0! | AF81: =AE81/C81 -> #DIV/0! | AG81: 0 | AH81: 0 | AI81: =AG81/AH81 -> #DIV/0! | AJ81: =AI81/C81 -> #DIV/0! | AK81: 0 | AL81: 0 | AM81: =AK81/AL81 -> #DIV/0! | AN81: =AM81/C81 -> #DIV/0! | AO81: 0 | AP81: 0 | AQ81: =AO81/AP81 -> #DIV/0! | AR81: =AQ81/C81 -> #DIV/0! | AS81: 6030 | AT81: 158 | AU81: =AS81/AT81 -> 38.164557 | AV81: =AU81/C81 -> 0.2723608 | AW81: 0 | AX81: 0 | AY81: =AW81/AX81 -> #DIV/0! | AZ81: =AY81/C81 -> #DIV/0! | BA81: 9040 | BB81: 130 | BC81: =BA81/BB81 -> 69.538462 | BD81: =BC81/C81 -> 0.49626021
A82: Excellent | B82: 183490 | C82: =B82/F73 -> 163.83036 | D82: 10950 | E82: 0 | F82: 0 | G82: =E82/F82 -> #DIV/0! | H82: =G82/C82 -> #DIV/0! | I82: 0 | J82: 0 | K82: =I82/J82 -> #DIV/0! | L82: =K82/C82 -> #DIV/0! | M82: 0 | N82: 0 | O82: =M82/N82 -> #DIV/0! | P82: =O82/C82 -> #DIV/0! | Q82: 0 | R82: 0 | S82: =Q82/R82 -> #DIV/0! | T82: =S82/C82 -> #DIV/0! | U82: 0 | V82: 0 | W82: =U82/V82 -> #DIV/0! | X82: =W82/C82 -> #DIV/0! | Y82: 0 | Z82: 0 | AA82: =Y82/Z82 -> #DIV/0! | AB82: =AA82/C82 -> #DIV/0! | AC82: 0 | AD82: 0 | AE82: =AC82/AD82 -> #DIV/0! | AF82: =AE82/C82 -> #DIV/0! | AG82: 0 | AH82: 0 | AI82: =AG82/AH82 -> #DIV/0! | AJ82: =AI82/C82 -> #DIV/0! | AK82: 0 | AL82: 0 | AM82: =AK82/AL82 -> #DIV/0! | AN82: =AM82/C82 -> #DIV/0! | AO82: 0 | AP82: 0 | AQ82: =AO82/AP82 -> #DIV/0! | AR82: =AQ82/C82 -> #DIV/0! | AS82: 6860 | AT82: 158 | AU82: =AS82/AT82 -> 43.417722 | AV82: =AU82/C82 -> 0.26501634 | AW82: 0 | AX82: 0 | AY82: =AW82/AX82 -> #DIV/0! | AZ82: =AY82/C82 -> #DIV/0! | BA82: 10460 | BB82: 130 | BC82: =BA82/BB82 -> 80.461538 | BD82: =BC82/C82 -> 0.49112716
C83: =AVERAGE(Table1107[MA $/Sq Ft]) -> 96.899235 | D83: =AVERAGE(Table1107[Basic Allowance]) -> 4442.8571 | H83: =AVERAGE(Table1107[Bsmt % Base]) -> #DIV/0! | L83: =AVERAGE(Table1107[[#Headers],[#Data],[UnfBsmt % Base]]) -> #DIV/0! | O83: =AVERAGE(Table1107[LowerVal/SqFt]) -> #DIV/0! | P83: =AVERAGE(Table1107[Lower % Base]) -> #DIV/0! | T83: =AVERAGE(Table1107[Unf Lower % Base]) -> #DIV/0! | X83: =AVERAGE(Table1107[1/2 Story % Base]) -> #DIV/0! | AB83: =AVERAGE(Table1107[2nd Story % Base]) -> #DIV/0! | AE83: =AVERAGE(Table1107[AttGarVal/SqFt]) -> #DIV/0! | AF83: =AVERAGE(Table1107[Att Gar % Base]) -> #DIV/0! | AJ83: =AVERAGE(Table1107[Porch % Base]) -> #DIV/0! | AN83: =AVERAGE(Table1107[Cov Porch % Base]) -> #DIV/0! | AR83: =AVERAGE(Table1107[Deck % Base]) -> #DIV/0! | AS83: =SUBTOTAL(101,Table1107[Cov Deck Value]) -> 4535.7143 | AU83: =AVERAGE(Table1107[CovDeckVal/SqFt]) -> 28.707052 | AV83: =AVERAGE(Table1107[CovDeck % Base]) -> 0.30453863 | AZ83: =AVERAGE(Table1107[CarP % Base]) -> #DIV/0! | BA83: =SUBTOTAL(101,Table1107[EFP Value]) -> 6680 | BD83: =AVERAGE(Table1107[EFP % Base]) -> 0.5388788
B85: Parcel ID: 135981040003004 | E85: Main area sq ft: | F85: 1232 | H85: HT: Split-Level | J85: Year Built: | K85: 1975
E86: Basement | I86: Unfinished Basement | M86: Lower | Q86: Unfinished Lower | U86: 1/2 Story | Y86: 2nd Story | AC86: Attached Garage | AG86: Porch | AK86: Covered Porch | AO86: Deck | AS86: Covered Deck | AW86: Carport | BA86: EFP/Sunroom
A87: Grade | B87: Main Area $ | C87: MA $/Sq Ft | D87: Basic Allowance | E87: BsmtVal | F87: Bsmt SqFt | G87: BsmtVal/Sq Ft | H87: Bsmt % Base | I87: UnfBsmtVal | J87: UnfBsmt Sq Ft | K87: UnfBsmtVal/SqFt | L87: UnfBsmt % Base | M87: Lower Value | N87: Lower Sq Ft | O87: LowerVal/SqFt | P87: Lower % Base | Q87: Unf Lower Value | R87: UnfLower Sq Ft | S87: UnfLowVal/SqFt2 | T87: Unf Lower % Base | U87: 1/2 Story Value | V87: 1/2 Story Sq Ft | W87: 1/2 StoryVal/SqFt | X87: 1/2 Story % Base | Y87: 2nd Story Value | Z87: 2nd Sty Sq Ft | AA87: 2ndStyVal/Sqft | AB87: 2nd Story % Base | AC87: Att Gar Value | AD87: Att Gar Sq Ft | AE87: AttGarVal/SqFt | AF87: Att Gar % Base | AG87: Porch Value | AH87: Porch Sq Ft | AI87: PorchVal/SqFt | AJ87: Porch % Base | AK87: Cov Porch Value | AL87: Cov Porch Sq Ft | AM87: CovPrVal/SqFt | AN87: Cov Porch % Base | AO87: Deck Value | AP87: Deck Sq Ft | AQ87: DeckVal/SqFt | AR87: Deck % Base | AS87: Cov Deck Value | AT87: CovDeck Sq Ft | AU87: CovDeckVal/SqFt | AV87: CovDeck % Base | AW87: CarP Value | AX87: CarP Sq Ft | AY87: CarPVal/SqFt | AZ87: CarP % Base | BA87: EFP Value | BB87: EFP Sq Ft | BC87: EFPVal/SqFt | BD87: EFP % Base
A88: Chp | B88: 62270 | C88: =B88/F85 -> 50.543831 | D88: 1525 | E88: 0 | F88: 0 | G88: =E88/F88 -> #DIV/0! | H88: =G88/C88 -> #DIV/0! | I88: 0 | J88: 0 | K88: =I88/J88 -> #DIV/0! | L88: =K88/C88 -> #DIV/0! | M88: 34140 | N88: 1232 | O88: =M88/N88 -> 27.711039 | P88: =O88/C88 -> 0.54825759 | Q88: 0 | R88: 0 | S88: =Q88/R88 -> #DIV/0! | T88: =S88/C88 -> #DIV/0! | U88: 0 | V88: 0 | W88: =U88/V88 -> #DIV/0! | X88: =W88/C88 -> #DIV/0! | Y88: 0 | Z88: 0 | AA88: =Y88/Z88 -> #DIV/0! | AB88: =AA88/C88 -> #DIV/0! | AC88: 0 | AD88: 0 | AE88: =AC88/AD88 -> #DIV/0! | AF88: =AE88/C88 -> #DIV/0! | AG88: 0 | AH88: 0 | AI88: =AG88/AH88 -> #DIV/0! | AJ88: =AI88/C88 -> #DIV/0! | AK88: 0 | AL88: 0 | AM88: =AK88/AL88 -> #DIV/0! | AN88: =AM88/C88 -> #DIV/0! | AO88: 1290 | AP88: 140 | AQ88: =AO88/AP88 -> 9.2142857 | AR88: =AQ88/C88 -> 0.18230287 | AS88: 0 | AT88: 0 | AU88: =AS88/AT88 -> #DIV/0! | AV88: =AU88/C88 -> #DIV/0! | AW88: 0 | AX88: 0 | AY88: =AW88/AX88 -> #DIV/0! | AZ88: =AY88/C88 -> #DIV/0! | BA88: 0 | BB88: 0 | BC88: =BA88/BB88 -> #DIV/0! | BD88: =BC88/C88 -> #DIV/0!
A89: Low | B89: 73270 | C89: =B89/F85 -> 59.472403 | D89: 1525 | E89: 0 | F89: 0 | G89: =E89/F89 -> #DIV/0! | H89: =G89/C89 -> #DIV/0! | I89: 0 | J89: 0 | K89: =I89/J89 -> #DIV/0! | L89: =K89/C89 -> #DIV/0! | M89: 42730 | N89: 1232 | O89: =M89/N89 -> 34.683442 | P89: =O89/C89 -> 0.58318548 | Q89: 0 | R89: 0 | S89: =Q89/R89 -> #DIV/0! | T89: =S89/C89 -> #DIV/0! | U89: 0 | V89: 0 | W89: =U89/V89 -> #DIV/0! | X89: =W89/C89 -> #DIV/0! | Y89: 0 | Z89: 0 | AA89: =Y89/Z89 -> #DIV/0! | AB89: =AA89/C89 -> #DIV/0! | AC89: 0 | AD89: 0 | AE89: =AC89/AD89 -> #DIV/0! | AF89: =AE89/C89 -> #DIV/0! | AG89: 0 | AH89: 0 | AI89: =AG89/AH89 -> #DIV/0! | AJ89: =AI89/C89 -> #DIV/0! | AK89: 0 | AL89: 0 | AM89: =AK89/AL89 -> #DIV/0! | AN89: =AM89/C89 -> #DIV/0! | AO89: 1810 | AP89: 140 | AQ89: =AO89/AP89 -> 12.928571 | AR89: =AQ89/C89 -> 0.21738774 | AS89: 0 | AT89: 0 | AU89: =AS89/AT89 -> #DIV/0! | AV89: =AU89/C89 -> #DIV/0! | AW89: 0 | AX89: 0 | AY89: =AW89/AX89 -> #DIV/0! | AZ89: =AY89/C89 -> #DIV/0! | BA89: 0 | BB89: 0 | BC89: =BA89/BB89 -> #DIV/0! | BD89: =BC89/C89 -> #DIV/0!
A90: Fair | B90: 85680 | C90: =B90/F85 -> 69.545455 | D90: 2100 | E90: 0 | F90: 0 | G90: =E90/F90 -> #DIV/0! | H90: =G90/C90 -> #DIV/0! | I90: 0 | J90: 0 | K90: =I90/J90 -> #DIV/0! | L90: =K90/C90 -> #DIV/0! | M90: 49300 | N90: 1232 | O90: =M90/N90 -> 40.016234 | P90: =O90/C90 -> 0.57539683 | Q90: 0 | R90: 0 | S90: =Q90/R90 -> #DIV/0! | T90: =S90/C90 -> #DIV/0! | U90: 0 | V90: 0 | W90: =U90/V90 -> #DIV/0! | X90: =W90/C90 -> #DIV/0! | Y90: 0 | Z90: 0 | AA90: =Y90/Z90 -> #DIV/0! | AB90: =AA90/C90 -> #DIV/0! | AC90: 0 | AD90: 0 | AE90: =AC90/AD90 -> #DIV/0! | AF90: =AE90/C90 -> #DIV/0! | AG90: 0 | AH90: 0 | AI90: =AG90/AH90 -> #DIV/0! | AJ90: =AI90/C90 -> #DIV/0! | AK90: 0 | AL90: 0 | AM90: =AK90/AL90 -> #DIV/0! | AN90: =AM90/C90 -> #DIV/0! | AO90: 1890 | AP90: 140 | AQ90: =AO90/AP90 -> 13.5 | AR90: =AQ90/C90 -> 0.19411765 | AS90: 0 | AT90: 0 | AU90: =AS90/AT90 -> #DIV/0! | AV90: =AU90/C90 -> #DIV/0! | AW90: 0 | AX90: 0 | AY90: =AW90/AX90 -> #DIV/0! | AZ90: =AY90/C90 -> #DIV/0! | BA90: 0 | BB90: 0 | BC90: =BA90/BB90 -> #DIV/0! | BD90: =BC90/C90 -> #DIV/0!
A91: Avg | B91: 103470 | C91: =B91/F85 -> 83.98539 | D91: 2700 | E91: 0 | F91: 0 | G91: =E91/F91 -> #DIV/0! | H91: =G91/C91 -> #DIV/0! | I91: 0 | J91: 0 | K91: =I91/J91 -> #DIV/0! | L91: =K91/C91 -> #DIV/0! | M91: 56920 | N91: 1232 | O91: =M91/N91 -> 46.201299 | P91: =O91/C91 -> 0.55011114 | Q91: 0 | R91: 0 | S91: =Q91/R91 -> #DIV/0! | T91: =S91/C91 -> #DIV/0! | U91: 0 | V91: 0 | W91: =U91/V91 -> #DIV/0! | X91: =W91/C91 -> #DIV/0! | Y91: 0 | Z91: 0 | AA91: =Y91/Z91 -> #DIV/0! | AB91: =AA91/C91 -> #DIV/0! | AC91: 0 | AD91: 0 | AE91: =AC91/AD91 -> #DIV/0! | AF91: =AE91/C91 -> #DIV/0! | AG91: 0 | AH91: 0 | AI91: =AG91/AH91 -> #DIV/0! | AJ91: =AI91/C91 -> #DIV/0! | AK91: 0 | AL91: 0 | AM91: =AK91/AL91 -> #DIV/0! | AN91: =AM91/C91 -> #DIV/0! | AO91: 1980 | AP91: 140 | AQ91: =AO91/AP91 -> 14.142857 | AR91: =AQ91/C91 -> 0.16839664 | AS91: 0 | AT91: 0 | AU91: =AS91/AT91 -> #DIV/0! | AV91: =AU91/C91 -> #DIV/0! | AW91: 0 | AX91: 0 | AY91: =AW91/AX91 -> #DIV/0! | AZ91: =AY91/C91 -> #DIV/0! | BA91: 0 | BB91: 0 | BC91: =BA91/BB91 -> #DIV/0! | BD91: =BC91/C91 -> #DIV/0!
A92: Good | B92: 129050 | C92: =B92/F85 -> 104.74838 | D92: 5250 | E92: 0 | F92: 0 | G92: =E92/F92 -> #DIV/0! | H92: =G92/C92 -> #DIV/0! | I92: 0 | J92: 0 | K92: =I92/J92 -> #DIV/0! | L92: =K92/C92 -> #DIV/0! | M92: 80510 | N92: 1232 | O92: =M92/N92 -> 65.349026 | P92: =O92/C92 -> 0.62386672 | Q92: 0 | R92: 0 | S92: =Q92/R92 -> #DIV/0! | T92: =S92/C92 -> #DIV/0! | U92: 0 | V92: 0 | W92: =U92/V92 -> #DIV/0! | X92: =W92/C92 -> #DIV/0! | Y92: 0 | Z92: 0 | AA92: =Y92/Z92 -> #DIV/0! | AB92: =AA92/C92 -> #DIV/0! | AC92: 0 | AD92: 0 | AE92: =AC92/AD92 -> #DIV/0! | AF92: =AE92/C92 -> #DIV/0! | AG92: 0 | AH92: 0 | AI92: =AG92/AH92 -> #DIV/0! | AJ92: =AI92/C92 -> #DIV/0! | AK92: 0 | AL92: 0 | AM92: =AK92/AL92 -> #DIV/0! | AN92: =AM92/C92 -> #DIV/0! | AO92: 2580 | AP92: 140 | AQ92: =AO92/AP92 -> 18.428571 | AR92: =AQ92/C92 -> 0.17593181 | AS92: 0 | AT92: 0 | AU92: =AS92/AT92 -> #DIV/0! | AV92: =AU92/C92 -> #DIV/0! | AW92: 0 | AX92: 0 | AY92: =AW92/AX92 -> #DIV/0! | AZ92: =AY92/C92 -> #DIV/0! | BA92: 0 | BB92: 0 | BC92: =BA92/BB92 -> #DIV/0! | BD92: =BC92/C92 -> #DIV/0!
A93: VGood | B93: 169680 | C93: =B93/F85 -> 137.72727 | D93: 7050 | E93: 0 | F93: 0 | G93: =E93/F93 -> #DIV/0! | H93: =G93/C93 -> #DIV/0! | I93: 0 | J93: 0 | K93: =I93/J93 -> #DIV/0! | L93: =K93/C93 -> #DIV/0! | M93: 90970 | N93: 1232 | O93: =M93/N93 -> 73.839286 | P93: =O93/C93 -> 0.53612683 | Q93: 0 | R93: 0 | S93: =Q93/R93 -> #DIV/0! | T93: =S93/C93 -> #DIV/0! | U93: 0 | V93: 0 | W93: =U93/V93 -> #DIV/0! | X93: =W93/C93 -> #DIV/0! | Y93: 0 | Z93: 0 | AA93: =Y93/Z93 -> #DIV/0! | AB93: =AA93/C93 -> #DIV/0! | AC93: 0 | AD93: 0 | AE93: =AC93/AD93 -> #DIV/0! | AF93: =AE93/C93 -> #DIV/0! | AG93: 0 | AH93: 0 | AI93: =AG93/AH93 -> #DIV/0! | AJ93: =AI93/C93 -> #DIV/0! | AK93: 0 | AL93: 0 | AM93: =AK93/AL93 -> #DIV/0! | AN93: =AM93/C93 -> #DIV/0! | AO93: 3050 | AP93: 140 | AQ93: =AO93/AP93 -> 21.785714 | AR93: =AQ93/C93 -> 0.1581801 | AS93: 0 | AT93: 0 | AU93: =AS93/AT93 -> #DIV/0! | AV93: =AU93/C93 -> #DIV/0! | AW93: 0 | AX93: 0 | AY93: =AW93/AX93 -> #DIV/0! | AZ93: =AY93/C93 -> #DIV/0! | BA93: 0 | BB93: 0 | BC93: =BA93/BB93 -> #DIV/0! | BD93: =BC93/C93 -> #DIV/0!
A94: Excellent | B94: 201840 | C94: =B94/F85 -> 163.83117 | D94: 10950 | E94: 0 | F94: 0 | G94: =E94/F94 -> #DIV/0! | H94: =G94/C94 -> #DIV/0! | I94: 0 | J94: 0 | K94: =I94/J94 -> #DIV/0! | L94: =K94/C94 -> #DIV/0! | M94: 115130 | N94: 1232 | O94: =M94/N94 -> 93.449675 | P94: =O94/C94 -> 0.5704023 | Q94: 0 | R94: 0 | S94: =Q94/R94 -> #DIV/0! | T94: =S94/C94 -> #DIV/0! | U94: 0 | V94: 0 | W94: =U94/V94 -> #DIV/0! | X94: =W94/C94 -> #DIV/0! | Y94: 0 | Z94: 0 | AA94: =Y94/Z94 -> #DIV/0! | AB94: =AA94/C94 -> #DIV/0! | AC94: 0 | AD94: 0 | AE94: =AC94/AD94 -> #DIV/0! | AF94: =AE94/C94 -> #DIV/0! | AG94: 0 | AH94: 0 | AI94: =AG94/AH94 -> #DIV/0! | AJ94: =AI94/C94 -> #DIV/0! | AK94: 0 | AL94: 0 | AM94: =AK94/AL94 -> #DIV/0! | AN94: =AM94/C94 -> #DIV/0! | AO94: 3280 | AP94: 140 | AQ94: =AO94/AP94 -> 23.428571 | AR94: =AQ94/C94 -> 0.14300436 | AS94: 0 | AT94: 0 | AU94: =AS94/AT94 -> #DIV/0! | AV94: =AU94/C94 -> #DIV/0! | AW94: 0 | AX94: 0 | AY94: =AW94/AX94 -> #DIV/0! | AZ94: =AY94/C94 -> #DIV/0! | BA94: 0 | BB94: 0 | BC94: =BA94/BB94 -> #DIV/0! | BD94: =BC94/C94 -> #DIV/0!
C95: =AVERAGE(Table1108[MA $/Sq Ft]) -> 95.693414 | D95: =AVERAGE(Table1108[Basic Allowance]) -> 4442.8571 | H95: =AVERAGE(Table1108[Bsmt % Base]) -> #DIV/0! | L95: =AVERAGE(Table1108[[#Headers],[#Data],[UnfBsmt % Base]]) -> #DIV/0! | M95: =SUBTOTAL(101,Table1108[Lower Value]) -> 67100 | O95: =AVERAGE(Table1108[LowerVal/SqFt]) -> 54.464286 | P95: =AVERAGE(Table1108[Lower % Base]) -> 0.56962098 | T95: =AVERAGE(Table1108[Unf Lower % Base]) -> #DIV/0! | X95: =AVERAGE(Table1108[1/2 Story % Base]) -> #DIV/0! | AB95: =AVERAGE(Table1108[2nd Story % Base]) -> #DIV/0! | AE95: =AVERAGE(Table1108[AttGarVal/SqFt]) -> #DIV/0! | AF95: =AVERAGE(Table1108[Att Gar % Base]) -> #DIV/0! | AJ95: =AVERAGE(Table1108[Porch % Base]) -> #DIV/0! | AN95: =AVERAGE(Table1108[Cov Porch % Base]) -> #DIV/0! | AR95: =AVERAGE(Table1108[Deck % Base]) -> 0.17704588 | AU95: =AVERAGE(Table1108[CovDeckVal/SqFt]) -> #DIV/0! | AV95: =AVERAGE(Table1108[CovDeck % Base]) -> #DIV/0! | AZ95: =AVERAGE(Table1108[CarP % Base]) -> #DIV/0! | BD95: =AVERAGE(Table1108[EFP % Base]) -> #DIV/0!
B97: Parcel ID: | C97: 109882020000001 | E97: Main area sq ft: | F97: 2456 | H97: HT: | I97: 2 St
E98: Basement | I98: Unfinished Basement | M98: Lower | Q98: Unfinished Lower | U98: 1/2 Story | Y98: 2nd Story | AC98: Attached Garage | AG98: Porch | AK98: Covered Porch | AO98: Deck | AS98: Covered Deck | AW98: Carport | BA98: EFP/Sunroom
A99: Grade | B99: Main Area $ | C99: MA $/Sq Ft | D99: Basic Allowance | E99: BsmtVal | F99: Bsmt SqFt | G99: BsmtVal/Sq Ft | H99: Bsmt % Base | I99: UnfBsmtVal | J99: UnfBsmt Sq Ft | K99: UnfBsmtVal/SqFt | L99: UnfBsmt % Base | M99: Lower Value | N99: Lower Sq Ft | O99: LowerVal/SqFt | P99: Lower % Base | Q99: Unf Lower Value | R99: UnfLower Sq Ft | S99: UnfLowVal/SqFt2 | T99: Unf Lower % Base | U99: 1/2 Story Value | V99: 1/2 Story Sq Ft | W99: 1/2 StoryVal/SqFt | X99: 1/2 Story % Base | Y99: 2nd Story Value | Z99: 2nd Sty Sq Ft | AA99: 2ndStyVal/Sqft | AB99: 2nd Story % Base | AC99: Att Gar Value | AD99: Att Gar Sq Ft | AE99: AttGarVal/SqFt | AF99: Att Gar % Base | AG99: Porch Value | AH99: Porch Sq Ft | AI99: PorchVal/SqFt | AJ99: Porch % Base | AK99: Cov Porch Value | AL99: Cov Porch Sq Ft | AM99: CovPrVal/SqFt | AN99: Cov Porch % Base | AO99: Deck Value | AP99: Deck Sq Ft | AQ99: DeckVal/SqFt | AR99: Deck % Base | AS99: Cov Deck Value | AT99: CovDeck Sq Ft | AU99: CovDeckVal/SqFt | AV99: CovDeck % Base | AW99: CarP Value | AX99: CarP Sq Ft | AY99: CarPVal/SqFt | AZ99: CarP % Base | BA99: EFP Value | BB99: EFP Sq Ft | BC99: EFPVal/SqFt | BD99: EFP % Base
A100: Chp | B100: 112980 | C100: =B100/F97 -> 46.001629 | D100: 1525 | E100: 0 | F100: 0 | G100: =E100/F100 -> #DIV/0! | H100: =G100/C100 -> #DIV/0! | I100: 0 | J100: 0 | K100: =I100/J100 -> #DIV/0! | L100: =K100/C100 -> #DIV/0! | M100: 0 | N100: 0 | O100: =M100/N100 -> #DIV/0! | P100: =O100/C100 -> #DIV/0! | Q100: 0 | R100: 0 | S100: =Q100/R100 -> #DIV/0! | T100: =S100/C100 -> #DIV/0! | U100: 0 | V100: 0 | W100: =U100/V100 -> #DIV/0! | X100: =W100/C100 -> #DIV/0! | Y100: 39130 | Z100: 743 | AA100: =Y100/Z100 -> 52.664872 | AB100: =AA100/C100 -> 1.144848 | AC100: 12550 | AD100: 929 | AE100: =AC100/AD100 -> 13.50915 | AF100: =AE100/C100 -> 0.29366677 | AG100: 0 | AH100: 0 | AI100: =AG100/AH100 -> #DIV/0! | AJ100: =AI100/C100 -> #DIV/0! | AK100: 2410 | AL100: 285 | AM100: =AK100/AL100 -> 8.4561404 | AN100: =AM100/C100 -> 0.18382263 | AO100: 0 | AP100: 0 | AQ100: =AO100/AP100 -> #DIV/0! | AR100: =AQ100/C100 -> #DIV/0! | AS100: 0 | AT100: 0 | AU100: =AS100/AT100 -> #DIV/0! | AV100: =AU100/C100 -> #DIV/0! | AW100: 0 | AX100: 0 | AY100: =AW100/AX100 -> #DIV/0! | AZ100: =AY100/C100 -> #DIV/0! | BA100: 0 | BB100: 0 | BC100: =BA100/BB100 -> #DIV/0! | BD100: =BC100/C100 -> #DIV/0!
A101: Low | B101: 132800 | C101: =B101/F97 -> 54.071661 | D101: 1525 | E101: 0 | F101: 0 | G101: =E101/F101 -> #DIV/0! | H101: =G101/C101 -> #DIV/0! | I101: 0 | J101: 0 | K101: =I101/J101 -> #DIV/0! | L101: =K101/C101 -> #DIV/0! | M101: 0 | N101: 0 | O101: =M101/N101 -> #DIV/0! | P101: =O101/C101 -> #DIV/0! | Q101: 0 | R101: 0 | S101: =Q101/R101 -> #DIV/0! | T101: =S101/C101 -> #DIV/0! | U101: 0 | V101: 0 | W101: =U101/V101 -> #DIV/0! | X101: =W101/C101 -> #DIV/0! | Y101: 53710 | Z101: 743 | AA101: =Y101/Z101 -> 72.288022 | AB101: =AA101/C101 -> 1.3368929 | AC101: 16020 | AD101: 929 | AE101: =AC101/AD101 -> 17.244349 | AF101: =AE101/C101 -> 0.31891657 | AG101: 0 | AH101: 0 | AI101: =AG101/AH101 -> #DIV/0! | AJ101: =AI101/C101 -> #DIV/0! | AK101: 3320 | AL101: 285 | AM101: =AK101/AL101 -> 11.649123 | AN101: =AM101/C101 -> 0.2154386 | AO101: 0 | AP101: 0 | AQ101: =AO101/AP101 -> #DIV/0! | AR101: =AQ101/C101 -> #DIV/0! | AS101: 0 | AT101: 0 | AU101: =AS101/AT101 -> #DIV/0! | AV101: =AU101/C101 -> #DIV/0! | AW101: 0 | AX101: 0 | AY101: =AW101/AX101 -> #DIV/0! | AZ101: =AY101/C101 -> #DIV/0! | BA101: 0 | BB101: 0 | BC101: =BA101/BB101 -> #DIV/0! | BD101: =BC101/C101 -> #DIV/0!
A102: Fair | B102: 154560 | C102: =B102/F97 -> 62.931596 | D102: 2100 | E102: 0 | F102: 0 | G102: =E102/F102 -> #DIV/0! | H102: =G102/C102 -> #DIV/0! | I102: 0 | J102: 0 | K102: =I102/J102 -> #DIV/0! | L102: =K102/C102 -> #DIV/0! | M102: 0 | N102: 0 | O102: =M102/N102 -> #DIV/0! | P102: =O102/C102 -> #DIV/0! | Q102: 0 | R102: 0 | S102: =Q102/R102 -> #DIV/0! | T102: =S102/C102 -> #DIV/0! | U102: 0 | V102: 0 | W102: =U102/V102 -> #DIV/0! | X102: =W102/C102 -> #DIV/0! | Y102: 61600 | Z102: 743 | AA102: =Y102/Z102 -> 82.907133 | AB102: =AA102/C102 -> 1.3174167 | AC102: 21070 | AD102: 929 | AE102: =AC102/AD102 -> 22.680301 | AF102: =AE102/C102 -> 0.36039609 | AG102: 0 | AH102: 0 | AI102: =AG102/AH102 -> #DIV/0! | AJ102: =AI102/C102 -> #DIV/0! | AK102: 3880 | AL102: 285 | AM102: =AK102/AL102 -> 13.614035 | AN102: =AM102/C102 -> 0.21633068 | AO102: 0 | AP102: 0 | AQ102: =AO102/AP102 -> #DIV/0! | AR102: =AQ102/C102 -> #DIV/0! | AS102: 0 | AT102: 0 | AU102: =AS102/AT102 -> #DIV/0! | AV102: =AU102/C102 -> #DIV/0! | AW102: 0 | AX102: 0 | AY102: =AW102/AX102 -> #DIV/0! | AZ102: =AY102/C102 -> #DIV/0! | BA102: 0 | BB102: 0 | BC102: =BA102/BB102 -> #DIV/0! | BD102: =BC102/C102 -> #DIV/0!
A103: Avg | B103: 189650 | C103: =B103/F97 -> 77.219055 | D103: 2700 | E103: 0 | F103: 0 | G103: =E103/F103 -> #DIV/0! | H103: =G103/C103 -> #DIV/0! | I103: 0 | J103: 0 | K103: =I103/J103 -> #DIV/0! | L103: =K103/C103 -> #DIV/0! | M103: 0 | N103: 0 | O103: =M103/N103 -> #DIV/0! | P103: =O103/C103 -> #DIV/0! | Q103: 0 | R103: 0 | S103: =Q103/R103 -> #DIV/0! | T103: =S103/C103 -> #DIV/0! | U103: 0 | V103: 0 | W103: =U103/V103 -> #DIV/0! | X103: =W103/C103 -> #DIV/0! | Y103: 69720 | Z103: 743 | AA103: =Y103/Z103 -> 93.835801 | AB103: =AA103/C103 -> 1.2151897 | AC103: 22420 | AD103: 929 | AE103: =AC103/AD103 -> 24.133477 | AF103: =AE103/C103 -> 0.31253266 | AG103: 0 | AH103: 0 | AI103: =AG103/AH103 -> #DIV/0! | AJ103: =AI103/C103 -> #DIV/0! | AK103: 5080 | AL103: 285 | AM103: =AK103/AL103 -> 17.824561 | AN103: =AM103/C103 -> 0.23083112 | AO103: 0 | AP103: 0 | AQ103: =AO103/AP103 -> #DIV/0! | AR103: =AQ103/C103 -> #DIV/0! | AS103: 0 | AT103: 0 | AU103: =AS103/AT103 -> #DIV/0! | AV103: =AU103/C103 -> #DIV/0! | AW103: 0 | AX103: 0 | AY103: =AW103/AX103 -> #DIV/0! | AZ103: =AY103/C103 -> #DIV/0! | BA103: 0 | BB103: 0 | BC103: =BA103/BB103 -> #DIV/0! | BD103: =BC103/C103 -> #DIV/0!
A104: Good | B104: 234140 | C104: =B104/F97 -> 95.333876 | D104: 5250 | E104: 0 | F104: 0 | G104: =E104/F104 -> #DIV/0! | H104: =G104/C104 -> #DIV/0! | I104: 0 | J104: 0 | K104: =I104/J104 -> #DIV/0! | L104: =K104/C104 -> #DIV/0! | M104: 0 | N104: 0 | O104: =M104/N104 -> #DIV/0! | P104: =O104/C104 -> #DIV/0! | Q104: 0 | R104: 0 | S104: =Q104/R104 -> #DIV/0! | T104: =S104/C104 -> #DIV/0! | U104: 0 | V104: 0 | W104: =U104/V104 -> #DIV/0! | X104: =W104/C104 -> #DIV/0! | Y104: 89630 | Z104: 743 | AA104: =Y104/Z104 -> 120.63257 | AB104: =AA104/C104 -> 1.2653694 | AC104: 25470 | AD104: 929 | AE104: =AC104/AD104 -> 27.416577 | AF104: =AE104/C104 -> 0.28758483 | AG104: 0 | AH104: 0 | AI104: =AG104/AH104 -> #DIV/0! | AJ104: =AI104/C104 -> #DIV/0! | AK104: 5560 | AL104: 285 | AM104: =AK104/AL104 -> 19.508772 | AN104: =AM104/C104 -> 0.2046363 | AO104: 0 | AP104: 0 | AQ104: =AO104/AP104 -> #DIV/0! | AR104: =AQ104/C104 -> #DIV/0! | AS104: 0 | AT104: 0 | AU104: =AS104/AT104 -> #DIV/0! | AV104: =AU104/C104 -> #DIV/0! | AW104: 0 | AX104: 0 | AY104: =AW104/AX104 -> #DIV/0! | AZ104: =AY104/C104 -> #DIV/0! | BA104: 0 | BB104: 0 | BC104: =BA104/BB104 -> #DIV/0! | BD104: =BC104/C104 -> #DIV/0!
A105: VGood | B105: 314260 | C105: =B105/F97 -> 127.95603 | D105: 7050 | E105: 0 | F105: 0 | G105: =E105/F105 -> #DIV/0! | H105: =G105/C105 -> #DIV/0! | I105: 0 | J105: 0 | K105: =I105/J105 -> #DIV/0! | L105: =K105/C105 -> #DIV/0! | M105: 0 | N105: 0 | O105: =M105/N105 -> #DIV/0! | P105: =O105/C105 -> #DIV/0! | Q105: 0 | R105: 0 | S105: =Q105/R105 -> #DIV/0! | T105: =S105/C105 -> #DIV/0! | U105: 0 | V105: 0 | W105: =U105/V105 -> #DIV/0! | X105: =W105/C105 -> #DIV/0! | Y105: 121260 | Z105: 743 | AA105: =Y105/Z105 -> 163.20323 | AB105: =AA105/C105 -> 1.2754634 | AC105: 26350 | AD105: 929 | AE105: =AC105/AD105 -> 28.363832 | AF105: =AE105/C105 -> 0.22166859 | AG105: 0 | AH105: 0 | AI105: =AG105/AH105 -> #DIV/0! | AJ105: =AI105/C105 -> #DIV/0! | AK105: 6810 | AL105: 285 | AM105: =AK105/AL105 -> 23.894737 | AN105: =AM105/C105 -> 0.18674179 | AO105: 0 | AP105: 0 | AQ105: =AO105/AP105 -> #DIV/0! | AR105: =AQ105/C105 -> #DIV/0! | AS105: 0 | AT105: 0 | AU105: =AS105/AT105 -> #DIV/0! | AV105: =AU105/C105 -> #DIV/0! | AW105: 0 | AX105: 0 | AY105: =AW105/AX105 -> #DIV/0! | AZ105: =AY105/C105 -> #DIV/0! | BA105: 0 | BB105: 0 | BC105: =BA105/BB105 -> #DIV/0! | BD105: =BC105/C105 -> #DIV/0!
A106: Excellent | B106: 378390 | C106: =B106/F97 -> 154.06759 | D106: 10950 | E106: 0 | F106: 0 | G106: =E106/F106 -> #DIV/0! | H106: =G106/C106 -> #DIV/0! | I106: 0 | J106: 0 | K106: =I106/J106 -> #DIV/0! | L106: =K106/C106 -> #DIV/0! | M106: 0 | N106: 0 | O106: =M106/N106 -> #DIV/0! | P106: =O106/C106 -> #DIV/0! | Q106: 0 | R106: 0 | S106: =Q106/R106 -> #DIV/0! | T106: =S106/C106 -> #DIV/0! | U106: 0 | V106: 0 | W106: =U106/V106 -> #DIV/0! | X106: =W106/C106 -> #DIV/0! | Y106: 134820 | Z106: 743 | AA106: =Y106/Z106 -> 181.45357 | AB106: =AA106/C106 -> 1.177753 | AC106: 38480 | AD106: 929 | AE106: =AC106/AD106 -> 41.420883 | AF106: =AE106/C106 -> 0.26884877 | AG106: 0 | AH106: 0 | AI106: =AG106/AH106 -> #DIV/0! | AJ106: =AI106/C106 -> #DIV/0! | AK106: 8260 | AL106: 285 | AM106: =AK106/AL106 -> 28.982456 | AN106: =AM106/C106 -> 0.1881152 | AO106: 0 | AP106: 0 | AQ106: =AO106/AP106 -> #DIV/0! | AR106: =AQ106/C106 -> #DIV/0! | AS106: 0 | AT106: 0 | AU106: =AS106/AT106 -> #DIV/0! | AV106: =AU106/C106 -> #DIV/0! | AW106: 0 | AX106: 0 | AY106: =AW106/AX106 -> #DIV/0! | AZ106: =AY106/C106 -> #DIV/0! | BA106: 0 | BB106: 0 | BC106: =BA106/BB106 -> #DIV/0! | BD106: =BC106/C106 -> #DIV/0!
C107: =AVERAGE(Table110119[MA $/Sq Ft]) -> 88.225919 | D107: =AVERAGE(Table110119[Basic Allowance]) -> 4442.8571 | H107: =AVERAGE(Table110119[Bsmt % Base]) -> #DIV/0! | L107: =AVERAGE(Table110119[[#Headers],[#Data],[UnfBsmt % Base]]) -> #DIV/0! | O107: =AVERAGE(Table110119[LowerVal/SqFt]) -> #DIV/0! | P107: =AVERAGE(Table110119[Lower % Base]) -> #DIV/0! | T107: =AVERAGE(Table110119[Unf Lower % Base]) -> #DIV/0! | X107: =AVERAGE(Table110119[1/2 Story % Base]) -> #DIV/0! | AB107: =AVERAGE(Table110119[2nd Story % Base]) -> 1.2475619 | AE107: =AVERAGE(Table110119[AttGarVal/SqFt]) -> 24.966938 | AF107: =AVERAGE(Table110119[Att Gar % Base]) -> 0.29480204 | AJ107: =AVERAGE(Table110119[Porch % Base]) -> #DIV/0! | AN107: =AVERAGE(Table110119[Cov Porch % Base]) -> 0.20370233 | AR107: =AVERAGE(Table110119[Deck % Base]) -> #DIV/0! | AU107: =AVERAGE(Table110119[CovDeckVal/SqFt]) -> #DIV/0! | AV107: =AVERAGE(Table110119[CovDeck % Base]) -> #DIV/0! | AZ107: =AVERAGE(Table110119[CarP % Base]) -> #DIV/0! | BD107: =AVERAGE(Table110119[EFP % Base]) -> #DIV/0!
B109: Parcel ID: | C109: 109882020000002 | E109: Main area sq ft: | F109: 1906 | H109: HT: | I109: RWB
...

Sheet Template
B1: Parcel ID: | E1: Main area sq ft: | F1: 0 | H1: HT: | J1: Year Built:
E2: Basement | I2: Unfinished Basement | M2: Lower | Q2: Unfinished Lower | U2: 1/2 Story | Y2: 2nd Story | AC2: Attached Garage | AG2: Porch | AK2: Covered Porch | AO2: Deck | AS2: Covered Deck | AW2: Carport | BA2: EFP/Sunroom
A3: Grade | B3: Main Area $ | C3: MA $/Sq Ft | D3: Basic Allowance | E3: BsmtVal | F3: Bsmt SqFt | G3: BsmtVal/Sq Ft | H3: Bsmt % Base | I3: UnfBsmtVal | J3: UnfBsmt Sq Ft | K3: UnfBsmtVal/SqFt | L3: UnfBsmt % Base | M3: Lower Value | N3: Lower Sq Ft | O3: LowerVal/SqFt | P3: Lower % Base | Q3: Unf Lower Value | R3: UnfLower Sq Ft | S3: UnfLowVal/SqFt2 | T3: Unf Lower % Base | U3: 1/2 Story Value | V3: 1/2 Story Sq Ft | W3: 1/2 StoryVal/SqFt | X3: 1/2 Story % Base | Y3: 2nd Story Value | Z3: 2nd Sty Sq Ft | AA3: 2ndStyVal/Sqft | AB3: 2nd Story % Base | AC3: Att Gar Value | AD3: Att Gar Sq Ft | AE3: AttGarVal/SqFt | AF3: Att Gar % Base | AG3: Porch Value | AH3: Porch Sq Ft | AI3: PorchVal/SqFt | AJ3: Porch % Base | AK3: Cov Porch Value | AL3: Cov Porch Sq Ft | AM3: CovPrVal/SqFt | AN3: Cov Porch % Base | AO3: Deck Value | AP3: Deck Sq Ft | AQ3: DeckVal/SqFt | AR3: Deck % Base | AS3: Cov Deck Value | AT3: CovDeck Sq Ft | AU3: CovDeckVal/SqFt | AV3: CovDeck % Base | AW3: CarP Value | AX3: CarP Sq Ft | AY3: CarPVal/SqFt | AZ3: CarP % Base | BA3: EFP Value | BB3: EFP Sq Ft | BC3: EFPVal/SqFt | BD3: EFP % Base
A4: Chp | B4: 0 | C4: =B4/F1 -> #DIV/0! | D4: 1525 | E4: 0 | F4: 0 | G4: =E4/F4 -> #DIV/0! | H4: =G4/C4 -> #DIV/0! | I4: 0 | J4: 0 | K4: =I4/J4 -> #DIV/0! | L4: =K4/C4 -> #DIV/0! | M4: 0 | N4: 0 | O4: =M4/N4 -> #DIV/0! | P4: =O4/C4 -> #DIV/0! | Q4: 0 | R4: 0 | S4: =Q4/R4 -> #DIV/0! | T4: =S4/C4 -> #DIV/0! | U4: 0 | V4: 0 | W4: =U4/V4 -> #DIV/0! | X4: =W4/C4 -> #DIV/0! | Y4: 0 | Z4: 0 | AA4: =Y4/Z4 -> #DIV/0! | AB4: =AA4/C4 -> #DIV/0! | AC4: 0 | AD4: 0 | AE4: =AC4/AD4 -> #DIV/0! | AF4: =AE4/C4 -> #DIV/0! | AG4: 0 | AH4: 0 | AI4: =AG4/AH4 -> #DIV/0! | AJ4: =AI4/C4 -> #DIV/0! | AK4: 0 | AL4: 0 | AM4: =AK4/AL4 -> #DIV/0! | AN4: =AM4/C4 -> #DIV/0! | AO4: 0 | AP4: 0 | AQ4: =AO4/AP4 -> #DIV/0! | AR4: =AQ4/C4 -> #DIV/0! | AS4: 0 | AT4: 0 | AU4: =AS4/AT4 -> #DIV/0! | AV4: =AU4/C4 -> #DIV/0! | AW4: 0 | AX4: 0 | AY4: =AW4/AX4 -> #DIV/0! | AZ4: =AY4/C4 -> #DIV/0! | BA4: 0 | BB4: 0 | BC4: =BA4/BB4 -> #DIV/0! | BD4: =BC4/C4 -> #DIV/0!
A5: Low | B5: 0 | C5: =B5/F1 -> #DIV/0! | D5: 1525 | E5: 0 | F5: 0 | G5: =E5/F5 -> #DIV/0! | H5: =G5/C5 -> #DIV/0! | I5: 0 | J5: 0 | K5: =I5/J5 -> #DIV/0! | L5: =K5/C5 -> #DIV/0! | M5: 0 | N5: 0 | O5: =M5/N5 -> #DIV/0! | P5: =O5/C5 -> #DIV/0! | Q5: 0 | R5: 0 | S5: =Q5/R5 -> #DIV/0! | T5: =S5/C5 -> #DIV/0! | U5: 0 | V5: 0 | W5: =U5/V5 -> #DIV/0! | X5: =W5/C5 -> #DIV/0! | Y5: 0 | Z5: 0 | AA5: =Y5/Z5 -> #DIV/0! | AB5: =AA5/C5 -> #DIV/0! | AC5: 0 | AD5: 0 | AE5: =AC5/AD5 -> #DIV/0! | AF5: =AE5/C5 -> #DIV/0! | AG5: 0 | AH5: 0 | AI5: =AG5/AH5 -> #DIV/0! | AJ5: =AI5/C5 -> #DIV/0! | AK5: 0 | AL5: 0 | AM5: =AK5/AL5 -> #DIV/0! | AN5: =AM5/C5 -> #DIV/0! | AO5: 0 | AP5: 0 | AQ5: =AO5/AP5 -> #DIV/0! | AR5: =AQ5/C5 -> #DIV/0! | AS5: 0 | AT5: 0 | AU5: =AS5/AT5 -> #DIV/0! | AV5: =AU5/C5 -> #DIV/0! | AW5: 0 | AX5: 0 | AY5: =AW5/AX5 -> #DIV/0! | AZ5: =AY5/C5 -> #DIV/0! | BA5: 0 | BB5: 0 | BC5: =BA5/BB5 -> #DIV/0! | BD5: =BC5/C5 -> #DIV/0!
A6: Fair | B6: 0 | C6: =B6/F1 -> #DIV/0! | D6: 2100 | E6: 0 | F6: 0 | G6: =E6/F6 -> #DIV/0! | H6: =G6/C6 -> #DIV/0! | I6: 0 | J6: 0 | K6: =I6/J6 -> #DIV/0! | L6: =K6/C6 -> #DIV/0! | M6: 0 | N6: 0 | O6: =M6/N6 -> #DIV/0! | P6: =O6/C6 -> #DIV/0! | Q6: 0 | R6: 0 | S6: =Q6/R6 -> #DIV/0! | T6: =S6/C6 -> #DIV/0! | U6: 0 | V6: 0 | W6: =U6/V6 -> #DIV/0! | X6: =W6/C6 -> #DIV/0! | Y6: 0 | Z6: 0 | AA6: =Y6/Z6 -> #DIV/0! | AB6: =AA6/C6 -> #DIV/0! | AC6: 0 | AD6: 0 | AE6: =AC6/AD6 -> #DIV/0! | AF6: =AE6/C6 -> #DIV/0! | AG6: 0 | AH6: 0 | AI6: =AG6/AH6 -> #DIV/0! | AJ6: =AI6/C6 -> #DIV/0! | AK6: 0 | AL6: 0 | AM6: =AK6/AL6 -> #DIV/0! | AN6: =AM6/C6 -> #DIV/0! | AO6: 0 | AP6: 0 | AQ6: =AO6/AP6 -> #DIV/0! | AR6: =AQ6/C6 -> #DIV/0! | AS6: 0 | AT6: 0 | AU6: =AS6/AT6 -> #DIV/0! | AV6: =AU6/C6 -> #DIV/0! | AW6: 0 | AX6: 0 | AY6: =AW6/AX6 -> #DIV/0! | AZ6: =AY6/C6 -> #DIV/0! | BA6: 0 | BB6: 0 | BC6: =BA6/BB6 -> #DIV/0! | BD6: =BC6/C6 -> #DIV/0!
A7: Avg | B7: 0 | C7: =B7/F1 -> #DIV/0! | D7: 2700 | E7: 0 | F7: 0 | G7: =E7/F7 -> #DIV/0! | H7: =G7/C7 -> #DIV/0! | I7: 0 | J7: 0 | K7: =I7/J7 -> #DIV/0! | L7: =K7/C7 -> #DIV/0! | M7: 0 | N7: 0 | O7: =M7/N7 -> #DIV/0! | P7: =O7/C7 -> #DIV/0! | Q7: 0 | R7: 0 | S7: =Q7/R7 -> #DIV/0! | T7: =S7/C7 -> #DIV/0! | U7: 0 | V7: 0 | W7: =U7/V7 -> #DIV/0! | X7: =W7/C7 -> #DIV/0! | Y7: 0 | Z7: 0 | AA7: =Y7/Z7 -> #DIV/0! | AB7: =AA7/C7 -> #DIV/0! | AC7: 0 | AD7: 0 | AE7: =AC7/AD7 -> #DIV/0! | AF7: =AE7/C7 -> #DIV/0! | AG7: 0 | AH7: 0 | AI7: =AG7/AH7 -> #DIV/0! | AJ7: =AI7/C7 -> #DIV/0! | AK7: 0 | AL7: 0 | AM7: =AK7/AL7 -> #DIV/0! | AN7: =AM7/C7 -> #DIV/0! | AO7: 0 | AP7: 0 | AQ7: =AO7/AP7 -> #DIV/0! | AR7: =AQ7/C7 -> #DIV/0! | AS7: 0 | AT7: 0 | AU7: =AS7/AT7 -> #DIV/0! | AV7: =AU7/C7 -> #DIV/0! | AW7: 0 | AX7: 0 | AY7: =AW7/AX7 -> #DIV/0! | AZ7: =AY7/C7 -> #DIV/0! | BA7: 0 | BB7: 0 | BC7: =BA7/BB7 -> #DIV/0! | BD7: =BC7/C7 -> #DIV/0!
A8: Good | B8: 0 | C8: =B8/F1 -> #DIV/0! | D8: 5250 | E8: 0 | F8: 0 | G8: =E8/F8 -> #DIV/0! | H8: =G8/C8 -> #DIV/0! | I8: 0 | J8: 0 | K8: =I8/J8 -> #DIV/0! | L8: =K8/C8 -> #DIV/0! | M8: 0 | N8: 0 | O8: =M8/N8 -> #DIV/0! | P8: =O8/C8 -> #DIV/0! | Q8: 0 | R8: 0 | S8: =Q8/R8 -> #DIV/0! | T8: =S8/C8 -> #DIV/0! | U8: 0 | V8: 0 | W8: =U8/V8 -> #DIV/0! | X8: =W8/C8 -> #DIV/0! | Y8: 0 | Z8: 0 | AA8: =Y8/Z8 -> #DIV/0! | AB8: =AA8/C8 -> #DIV/0! | AC8: 0 | AD8: 0 | AE8: =AC8/AD8 -> #DIV/0! | AF8: =AE8/C8 -> #DIV/0! | AG8: 0 | AH8: 0 | AI8: =AG8/AH8 -> #DIV/0! | AJ8: =AI8/C8 -> #DIV/0! | AK8: 0 | AL8: 0 | AM8: =AK8/AL8 -> #DIV/0! | AN8: =AM8/C8 -> #DIV/0! | AO8: 0 | AP8: 0 | AQ8: =AO8/AP8 -> #DIV/0! | AR8: =AQ8/C8 -> #DIV/0! | AS8: 0 | AT8: 0 | AU8: =AS8/AT8 -> #DIV/0! | AV8: =AU8/C8 -> #DIV/0! | AW8: 0 | AX8: 0 | AY8: =AW8/AX8 -> #DIV/0! | AZ8: =AY8/C8 -> #DIV/0! | BA8: 0 | BB8: 0 | BC8: =BA8/BB8 -> #DIV/0! | BD8: =BC8/C8 -> #DIV/0!
A9: VGood | B9: 0 | C9: =B9/F1 -> #DIV/0! | D9: 7050 | E9: 0 | F9: 0 | G9: =E9/F9 -> #DIV/0! | H9: =G9/C9 -> #DIV/0! | I9: 0 | J9: 0 | K9: =I9/J9 -> #DIV/0! | L9: =K9/C9 -> #DIV/0! | M9: 0 | N9: 0 | O9: =M9/N9 -> #DIV/0! | P9: =O9/C9 -> #DIV/0! | Q9: 0 | R9: 0 | S9: =Q9/R9 -> #DIV/0! | T9: =S9/C9 -> #DIV/0! | U9: 0 | V9: 0 | W9: =U9/V9 -> #DIV/0! | X9: =W9/C9 -> #DIV/0! | Y9: 0 | Z9: 0 | AA9: =Y9/Z9 -> #DIV/0! | AB9: =AA9/C9 -> #DIV/0! | AC9: 0 | AD9: 0 | AE9: =AC9/AD9 -> #DIV/0! | AF9: =AE9/C9 -> #DIV/0! | AG9: 0 | AH9: 0 | AI9: =AG9/AH9 -> #DIV/0! | AJ9: =AI9/C9 -> #DIV/0! | AK9: 0 | AL9: 0 | AM9: =AK9/AL9 -> #DIV/0! | AN9: =AM9/C9 -> #DIV/0! | AO9: 0 | AP9: 0 | AQ9: =AO9/AP9 -> #DIV/0! | AR9: =AQ9/C9 -> #DIV/0! | AS9: 0 | AT9: 0 | AU9: =AS9/AT9 -> #DIV/0! | AV9: =AU9/C9 -> #DIV/0! | AW9: 0 | AX9: 0 | AY9: =AW9/AX9 -> #DIV/0! | AZ9: =AY9/C9 -> #DIV/0! | BA9: 0 | BB9: 0 | BC9: =BA9/BB9 -> #DIV/0! | BD9: =BC9/C9 -> #DIV/0!
A10: Excellent | B10: 0 | C10: =B10/F1 -> #DIV/0! | D10: 10950 | E10: 0 | F10: 0 | G10: =E10/F10 -> #DIV/0! | H10: =G10/C10 -> #DIV/0! | I10: 0 | J10: 0 | K10: =I10/J10 -> #DIV/0! | L10: =K10/C10 -> #DIV/0! | M10: 0 | N10: 0 | O10: =M10/N10 -> #DIV/0! | P10: =O10/C10 -> #DIV/0! | Q10: 0 | R10: 0 | S10: =Q10/R10 -> #DIV/0! | T10: =S10/C10 -> #DIV/0! | U10: 0 | V10: 0 | W10: =U10/V10 -> #DIV/0! | X10: =W10/C10 -> #DIV/0! | Y10: 0 | Z10: 0 | AA10: =Y10/Z10 -> #DIV/0! | AB10: =AA10/C10 -> #DIV/0! | AC10: 0 | AD10: 0 | AE10: =AC10/AD10 -> #DIV/0! | AF10: =AE10/C10 -> #DIV/0! | AG10: 0 | AH10: 0 | AI10: =AG10/AH10 -> #DIV/0! | AJ10: =AI10/C10 -> #DIV/0! | AK10: 0 | AL10: 0 | AM10: =AK10/AL10 -> #DIV/0! | AN10: =AM10/C10 -> #DIV/0! | AO10: 0 | AP10: 0 | AQ10: =AO10/AP10 -> #DIV/0! | AR10: =AQ10/C10 -> #DIV/0! | AS10: 0 | AT10: 0 | AU10: =AS10/AT10 -> #DIV/0! | AV10: =AU10/C10 -> #DIV/0! | AW10: 0 | AX10: 0 | AY10: =AW10/AX10 -> #DIV/0! | AZ10: =AY10/C10 -> #DIV/0! | BA10: 0 | BB10: 0 | BC10: =BA10/BB10 -> #DIV/0! | BD10: =BC10/C10 -> #DIV/0!
C11: =AVERAGE(Table110[MA $/Sq Ft]) -> #DIV/0! | D11: =AVERAGE(Table110[Basic Allowance]) -> 4442.8571 | H11: =AVERAGE(Table110[Bsmt % Base]) -> #DIV/0! | L11: =AVERAGE(Table110[[#Headers],[#Data],[UnfBsmt % Base]]) -> #DIV/0! | O11: =AVERAGE(Table110[LowerVal/SqFt]) -> #DIV/0! | P11: =AVERAGE(Table110[Lower % Base]) -> #DIV/0! | T11: =AVERAGE(Table110[Unf Lower % Base]) -> #DIV/0! | X11: =AVERAGE(Table110[1/2 Story % Base]) -> #DIV/0! | AB11: =AVERAGE(Table110[2nd Story % Base]) -> #DIV/0! | AE11: =AVERAGE(Table110[AttGarVal/SqFt]) -> #DIV/0! | AF11: =AVERAGE(Table110[Att Gar % Base]) -> #DIV/0! | AJ11: =AVERAGE(Table110[Porch % Base]) -> #DIV/0! | AN11: =AVERAGE(Table110[Cov Porch % Base]) -> #DIV/0! | AR11: =AVERAGE(Table110[Deck % Base]) -> #DIV/0! | AU11: =AVERAGE(Table110[CovDeckVal/SqFt]) -> #DIV/0! | AV11: =AVERAGE(Table110[CovDeck % Base]) -> #DIV/0! | AZ11: =AVERAGE(Table110[CarP % Base]) -> #DIV/0! | BD11: =AVERAGE(Table110[EFP % Base]) -> #DIV/0!
